Co%,Ir%,Ti%,Overpotential,Dissolution_Ir193 (S001),Dissolution_Co59 (S001),Dissolution_Ti47 (S001),Overpotential_std,Dissolution_Ir193 (S001)_std,Dissolution_Co59 (S001)_std,Dissolution_Ti47 (S001)_std
20.68,59.07,20.25,390.76451469486733,2.1597845819014037,6.09927455624652,2.941794561345916,0.7324470940788141,0.07698222802655241,0.36693115567644724,0.29995222933219756
18.61,58.87,22.51,387.18196925313566,1.9698665920069713,5.625266417797016,3.1457015744476493,4.557418809907462,0.1613720099878022,0.6755305294242967,0.39487453073630974
20.94,56.41,22.65,382.8190785415786,1.939040258886376,5.657391035085203,3.258610298398945,4.037711027830358,0.1417655560233683,0.5967301194882065,0.35133602157510424
20.83,54.17,25.0,379.00146084750844,1.7617525426655882,5.26190027245539,3.4955429487882217,3.803555973195914,0.13355297777324965,0.5639069227871892,0.3386347564019522
18.14,53.54,28.32,378.859850555058,1.551865347094105,4.514780418729491,3.634648665602699,3.2398732111646686,0.11798173387680821,0.5060778432039642,0.3282014564361914
17.27,53.64,29.09,379.54577884063355,1.5181989695253475,4.3427146531149665,3.6265402781870275,3.514909992334914,0.12826549363826306,0.5488438795441786,0.34893551981961607
16.27,52.63,31.1,380.1581219025687,1.4087636192887898,3.8991070049771226,3.63971348781939,0.740855887966963,0.08406305283630941,0.40655357658751234,0.33266960107187094
18.81,49.54,31.65,375.8519965581534,1.313660237369514,3.68417072308583,3.559159426960845,4.034476458463361,0.1415967617407636,0.5972681995164708,0.3539781136630587
17.06,50.71,32.23,377.79549640521117,1.252707815731777,3.6276499547530467,3.5237030529631532,3.7430994538378113,0.1362144673869455,0.5817428519418871,0.36036101666673837
15.12,49.76,35.12,377.37782944341467,0.9425118987740342,3.2742077819017865,3.2599949031967164,4.1809997351709365,0.15196231223832896,0.6434969389572903,0.38855073354011777
15.38,48.21,36.41,376.0358689923807,0.7914998613036801,3.106057079692942,3.1185461206554663,3.22437120935139,0.12708799378199673,0.5504096110162073,0.3561716574165556
21.85,58.4,19.75,381.84976365735116,2.115650101809468,6.274582821616434,3.1341212764147124,2.6221003087752055,0.0994913046717729,0.4330389497736637,0.3006846074088337
21.05,58.33,20.61,387.2552791685326,2.1066071243385074,6.051759053111741,3.0445535165566886,2.614980329200207,0.10480424150748406,0.4585720032523196,0.3135860051253076
21.03,56.65,22.32,383.251300140156,1.9629410207862539,5.717467509640139,3.229676699678113,3.9352504923794736,0.13894695842266377,0.5859426309974487,0.347818537186542
19.65,56.77,23.58,383.8002500690665,1.8868624838488306,5.470319483507371,3.2876040701616476,4.30785501065678,0.15055117187179848,0.6318714672723725,0.3685806943919773
20.51,54.27,25.21,379.19441463054505,1.7463572151334525,5.211140470042285,3.5047830624683316,3.661071705228806,0.12949996900084967,0.5485438349574121,0.334528834292781
19.23,53.85,26.92,379.1295780526765,1.597405163126217,4.822327168068256,3.6246952104465806,0.7012600272623817,0.06780705094723845,0.3259393201693873,0.27914301248505113
18.64,53.64,27.73,378.58940085754233,1.578826713031473,4.6552394722678585,3.634807111196693,2.6748933611058696,0.10232810005957761,0.4466116259847599,0.30882735504543324
19.91,50.23,29.86,375.84027151447134,1.4531106815854482,4.119903347851308,3.6565713120570096,3.7814892559973807,0.1338310277231608,0.5664148161738468,0.3416033772266026
16.83,52.4,30.77,379.5260584333864,1.4156444203650183,3.950964958134584,3.637356734837311,2.43067300088062,0.10632629764735797,0.4762938156506661,0.33903393284157024
17.35,48.4,34.25,375.65700259076397,1.024297647210244,3.2379795110270795,3.2967722693203494,3.7057444751059734,0.1335897175544147,0.56827038509279,0.34684150615795273
17.87,46.86,35.27,374.07848250784826,0.9989886753243508,3.1247299109448843,3.1771938708924923,3.16594831813874,0.1161579342182836,0.4976997350829202,0.3151702128178483
16.34,47.52,36.14,375.57498010405163,0.737696336623404,3.011027919154472,3.0845881260607295,0.7373656758771493,0.08040070760651315,0.3846951383113225,0.30635459164411144
15.82,44.9,39.29,373.2102083820299,0.8935528895035122,3.2318992713809536,2.9754251228779203,3.7002199539834955,0.13468817769068436,0.5699239685776356,0.34777129936228
21.37,59.83,18.8,377.55581060962385,2.1305249279687013,6.458653142156204,3.1478888943592107,0.7284889309272534,0.07517222282396148,0.3582975319796825,0.29993378831695994
21.99,57.26,20.75,381.87833562798204,2.0514752569493684,6.037286700485374,3.1810953119413057,3.2673692280572744,0.11873339706552248,0.5066691269984727,0.3196279231497015
22.57,57.08,20.35,379.2724329947447,2.056299438407001,6.123655054199591,3.2253952678863644,3.1254471697509874,0.1147300911819229,0.49133302444705,0.31414549079724435
22.08,54.55,23.38,378.56776815008635,1.87480773270961,5.578376185959726,3.3991263853572335,4.066689411133844,0.14188275633483446,0.5964450037213812,0.3482973858701689
22.22,55.13,22.65,378.99473185045815,1.91805511121468,5.686344464883416,3.344162073141184,3.894512275995746,0.1374869048463063,0.5800425023892336,0.34326555979396595
19.56,54.22,26.22,378.9355386128379,1.672977663521476,4.995882052541398,3.5734163152620995,2.5418952053550656,0.09972601029448605,0.43773961684036056,0.3053859555693447
18.94,54.19,26.87,377.7431925730196,1.6552099051689335,4.888080086738974,3.618511356596581,0.7039556360410559,0.06898515750443533,0.3317606766065177,0.2833368234437593
18.5,51.54,29.96,377.7043718202162,1.4405976848353528,4.09908778640503,3.6435581882039987,3.690390318275683,0.13132906639204944,0.5575949156376605,0.34254867912195186
18.35,51.38,30.28,377.6817756936281,1.4195920819423755,4.023199167859197,3.6353394842542825,3.695311010417714,0.13198414963567542,0.5609246093518091,0.3449686957462186
19.53,49.3,31.16,375.23581145530324,1.3661671750228683,3.7818493137472116,3.6005336361189126,3.9409034078663066,0.13893810273019894,0.586906428629871,0.349538250845399
18.87,48.58,32.55,375.07390768287814,1.2469275002251088,3.4972966113798134,3.481314553114793,4.037682798052261,0.14168945044359219,0.5973706101464415,0.35251777362682113
17.22,48.33,34.45,375.66053750568557,0.9962363632714905,3.21096378149588,3.274407289715136,3.598189987250217,0.13098115405572455,0.5588174898512729,0.34451708698946737
18.0,45.0,37.0,371.5686259006925,1.016040426638193,3.1891432586998296,3.0613771503435987,0.7189782085927673,0.06880356942067892,0.3233586551733588,0.2584192360762007
17.01,44.33,38.66,371.51290756690184,0.9667646541377419,3.308308328985451,2.9776742528893547,2.3976642208607237,0.09787415276269132,0.4289898339170103,0.2935218129861635
15.34,43.92,40.74,375.87072742287194,0.8929188531019262,3.1924304807955304,2.9485799569458986,4.567389464660586,0.16086304942334043,0.670379576245152,0.38904508883607536
25.85,56.36,17.8,369.00377543099995,2.2411499269876733,6.777382447102135,3.372756401907713,3.542430433590557,0.12916934303008185,0.5515607503816639,0.3462114986861366
22.73,58.68,18.6,374.85827150320057,2.125160228854247,6.568422716948283,3.287660245108204,0.7304994260164859,0.0754052439087551,0.3582226858338042,0.2921914190013678
22.75,57.08,20.17,378.4467813946338,2.0620610158491783,6.16429624724151,3.2377310464965814,3.0686433737643024,0.11322994029888739,0.4857250403060333,0.31253133464015714
24.05,54.43,21.52,374.7203227998349,1.982569679580734,5.929475727303339,3.361499651333473,3.0280332960648852,0.11552010903501737,0.49949023460041886,0.32148144940544204
22.84,54.74,22.41,377.48752777227486,1.9294021775633052,5.7453286768836325,3.3611249144927786,3.7153198142324007,0.1329274269106622,0.5633048198546776,0.33839964553184415
22.55,53.19,24.26,376.74033443578486,1.828224740690865,5.5013247785945785,3.499341476041626,4.09711315886335,0.14273444887949963,0.5998522806737159,0.3495840464973877
22.65,52.14,25.21,375.8376462080469,1.7765685255392436,5.388071962365073,3.5820432654357712,3.9134586617886407,0.138274636154868,0.5838312532632358,0.34583426988931226
21.62,50.9,27.48,375.82729274275624,1.5985363008722195,4.840931972088052,3.6581038682295928,0.7370674979776202,0.07991984442447875,0.3817445356844625,0.30029323450486484
21.08,50.67,28.25,375.7827703361035,1.5545189343344705,4.603361268807551,3.6733821666810766,2.7417523315592303,0.10948018480310093,0.47882672035713697,0.31844996526144376
20.36,49.77,29.86,375.1991525860188,1.4638643115360257,4.125404649783626,3.667550415794984,3.7041660021673244,0.1321170393044599,0.5605536305819989,0.3402790586687642
20.36,48.87,30.77,374.40021282927364,1.4166967527425112,3.8710500574855615,3.6432055651088464,3.671466850294075,0.13216743555060145,0.5621933741025649,0.34260672773693773
18.72,48.77,32.51,375.29264048985556,1.243663801436055,3.50711421402716,3.4842150478710248,4.054971070511969,0.14219883811271083,0.5994303661785846,0.35369349807982814
16.67,46.08,37.25,372.3557742721282,0.8697770066228675,3.166680842219564,3.039996042029606,2.7403226114356776,0.10442820599807544,0.45293970964696734,0.30277350490443594
17.19,44.79,38.02,369.5930508715816,0.9780795698019863,3.3990873459538373,3.002331828783918,0.7247505107417395,0.0719695014533034,0.3393216887435394,0.26975200886495215
17.68,43.94,38.38,371.9832256886347,1.0136671142096048,3.3102697898059374,2.9838427588439203,2.347492455142424,0.09241079887197948,0.4041692797262006,0.2790189044391667
18.0,40.5,41.5,380.6195964485333,0.9630320135709626,3.3479541946491187,2.948636972603659,3.816065916859034,0.13829516768366978,0.5878329722963033,0.36013927615233476
16.11,41.67,42.22,379.4021857078872,0.9165411673273738,3.1928217018578775,2.916496170118659,4.772805491262505,0.16707278709483195,0.6962352071152247,0.40272488167525217
27.02,57.26,15.73,366.70865095972056,2.3418233500536516,7.072973497629872,3.4334824633684513,4.420943960249683,0.15973811949885927,0.6716932570194971,0.40262281147811874
27.31,55.42,17.27,366.1273290260025,2.344645747079822,7.064140862486319,3.4296122576051165,2.2518608357978436,0.10336346857131759,0.4654679217537402,0.3358615294699247
24.78,56.09,19.13,371.88531848416125,2.1291690288315355,6.4354624196229455,3.3378873747426594,3.2101502975325507,0.11804721581502547,0.5061150682356013,0.32290574783587966
27.78,52.56,19.66,366.8962028610421,2.273033500146978,7.033127316867467,3.541068848052261,3.3385365578513593,0.12284669609459777,0.5273994826438447,0.337412578731812
23.95,55.46,20.59,374.29326364802,2.0007533625681924,6.010664467284871,3.3397536504990715,0.7352362156470151,0.07839181522081674,0.3731453701131182,0.2934094565813353
25.0,53.39,21.61,373.1571500627995,2.0192134734744167,6.03960361501899,3.3862280306407686,3.067467918135067,0.11660663861889263,0.5042804456613152,0.3251373437571251
24.79,52.14,23.08,373.3029232782564,1.961198233149742,5.929070874557806,3.513743408317231,3.9341113260979528,0.1397568985907194,0.5909328486521485,0.3506211447892614
24.24,51.08,24.68,373.5277975430835,1.8725175510139147,5.713667544373429,3.6352726650658687,4.1850975394614975,0.14641571791472868,0.6157845072289517,0.35780479074513
21.4,49.78,28.82,374.7700915167175,1.5455758186426138,4.478431440870601,3.7002953412956576,3.2608731625594896,0.12137131038197566,0.5217111532603125,0.3299910665071371
22.47,48.46,29.07,373.20243258097895,1.5893605759129958,4.533264510228884,3.7587958726615427,3.4140882469932525,0.1251790684134236,0.5363506269890318,0.3357630619120844
21.97,47.09,30.94,372.22971987005747,1.4821294987982407,3.7942725763737863,3.725534925275665,0.738693718803018,0.08159617488359724,0.39182189650919624,0.3100104803861172
21.1,46.33,32.57,373.14709980655334,1.3744383284375978,3.596789435074201,3.5249075178516263,3.5235295663973174,0.12975767391197357,0.5550112036642751,0.3411693707616351
19.05,46.19,34.76,373.62268129460125,1.1693579230356788,3.2210876422253,3.2325703098705403,3.31947824646056,0.12100372541678034,0.5160509352012735,0.31851308998033395
18.54,44.39,37.07,372.24196845094787,1.09714139134112,3.267091528510146,3.0440281586784246,2.267386938994716,0.08929836289504471,0.3906157997009264,0.27020416250945845
19.49,44.1,36.41,373.4547694603631,1.2163846390963835,3.3481333718598005,3.0764219859018946,2.4812848133679544,0.0982229017049467,0.42848007420885087,0.2860435284291503
18.91,42.29,38.81,376.28109281838437,1.0630998934792926,3.51661018138371,3.001977596334329,2.5484129143730967,0.09724375883061621,0.42316149475026904,0.28708796259065683
18.85,41.36,39.79,379.0321777908845,1.0043446946431063,3.6621492349355282,3.0395725757439656,0.7313748735937755,0.07621639896960912,0.36255774801721646,0.2887600357654607
14.75,41.53,43.72,380.95536878912037,0.8931135664627085,3.134253977006635,2.8950802026648317,5.789944213858772,0.2001036939415637,0.8204375226318503,0.45650716282139725
16.02,40.88,43.09,380.9448630632451,0.914532632008867,3.153982098700136,2.8943872001933677,5.1046556420346505,0.17785683870652028,0.7383336375514199,0.42230568229267323
29.71,53.97,16.32,362.67140727522457,2.4560925563989415,7.634557376159217,3.645519584391946,3.9447616063856303,0.14504882778341757,0.6182644933108531,0.3868685784388451
28.34,55.06,16.6,364.4598455262545,2.40480090589328,7.307982663285797,3.5061740088124096,2.8153627513798494,0.11819549089089094,0.5214525132087714,0.35824247379642643
27.54,55.08,17.37,365.70067352356307,2.3586031626926607,7.1092072942469615,3.441664115260497,1.6050407573524095,0.09159603067754726,0.4253656515267627,0.3271075732023295
26.23,52.87,20.9,371.38619734518335,2.104797409535845,6.275182362923166,3.3599611477341518,0.7366960866266867,0.07979433198748861,0.38157354912709074,0.30305405299991484
24.89,53.22,21.89,373.36566064557013,2.0050206829618062,6.004254241724929,3.403501392693827,3.25691840094176,0.12154154556324268,0.5226019460140671,0.3302460945810495
26.27,50.85,22.88,370.7907104712027,2.0479081608824905,6.271083953032637,3.629942123165968,4.056817346158963,0.1439587194346966,0.6079792704064414,0.35855799635801866
25.55,51.1,23.35,371.8987568133461,1.9917937913454837,6.077073103017387,3.608554315165332,4.114262860106523,0.14513195814246466,0.6118631977696358,0.3584756724144597
24.66,48.88,26.46,372.1823038184058,1.8269934356069502,5.621210659512225,3.812509409610613,3.812909194869553,0.13652641919951414,0.5793106031972401,0.3485191073442794
23.25,49.56,27.19,373.60000731447616,1.709232858344378,5.168041240371344,3.7449752650934784,3.5205568870762174,0.12875601299325984,0.5501393153061725,0.33934527924977026
23.45,48.23,28.32,372.71178402312114,1.6764998461834166,4.953163358581235,3.801506333556176,3.569725979965222,0.1291729881563015,0.5510982710091201,0.33993009492171133
21.82,47.73,30.45,372.7640498546174,1.4967436808261958,3.975244803081493,3.7257248262739093,2.5528406625809708,0.10731085649693474,0.4754022696336866,0.32438499423069567
21.27,47.96,30.77,373.18067200711744,1.4560197649087843,3.862303537252384,3.686158398919627,2.903888974642892,0.11485358140725624,0.5015612203612809,0.329654096293297
20.2,44.83,34.98,373.65499141768134,1.2846768771620793,3.3909386028243502,3.2190378116351384,3.1567534895189913,0.11873284378823357,0.509552697038559,0.3174365519440137
19.8,43.56,36.63,373.98235368321207,1.2171661831623264,3.496148910893525,3.070182961302518,2.858091926534814,0.10668893921293018,0.459065977701481,0.29449719492830234
18.69,43.94,37.37,372.6968868074232,1.1063646151733364,3.340166955160422,3.0278642680910446,2.6266108288831624,0.09713296553238222,0.4183260319451687,0.27660454382159017
17.86,42.86,39.29,375.3496345724541,1.0105810436061708,3.172703132382827,2.9485300122484097,0.7276287935256385,0.07356515937936474,0.34796266561265127,0.276920216367965
17.46,41.27,41.27,379.3299649947715,0.952362526977841,3.3144824138406843,2.9485096395567307,3.751237215966246,0.1360666382832872,0.5782661225524759,0.3558974888284287
19.58,37.57,42.86,385.54814560517667,0.986408349080105,3.123802343129417,2.880222117402049,4.039624421601976,0.1453261623436567,0.6180179805102384,0.3780688078940934
16.48,39.56,43.96,382.98138874930066,0.9237254717666399,3.0891464286620836,2.8605398089914598,5.0780201754567225,0.17794613928785166,0.740865926439496,0.42806425349356075
30.74,53.69,15.57,361.8440503795274,2.4800470647571364,7.73202947742766,3.7205976277378423,4.638337158639523,0.16571783308843613,0.696139117847882,0.4164469513346447
30.04,53.5,16.46,362.19741790957085,2.4676403000273663,7.737272421970852,3.690290870893696,3.99070076201725,0.14577847684696402,0.6207284532847575,0.38716824920943355
27.73,55.04,17.23,365.3000140907951,2.37510993298467,7.155013476574986,3.4501292207414256,0.7393812370743763,0.08250657614659451,0.39740288475038543,0.32423520715083504
27.85,53.16,18.99,366.2323577966637,2.3081302840150846,7.126962136422139,3.5252433358727115,3.3393571953783034,0.1221928392160088,0.5245060721074228,0.33747249005249924
30.08,51.69,18.22,361.5528601773541,2.4700147077166044,8.046833024928004,3.8164794265268402,2.8754506464602483,0.11545392264242776,0.5082249225302609,0.3491428829104713
28.57,50.0,21.43,366.77555182603743,2.2247916039115117,6.99714266811884,3.7851747441994714,4.184485262402849,0.1473666989802387,0.6213334685409273,0.3664560069943202
26.61,51.07,22.32,370.2549535527539,2.086865742880234,6.390825858842449,3.6040917162033366,3.847915167379839,0.13869758672992202,0.588702387037177,0.35375565432823364
25.33,49.78,24.89,371.80011300480595,1.9248123698649657,5.924186701477623,3.7472645773114124,4.2313062657808365,0.14797503416849184,0.6222321601236549,0.3611873718233283
24.55,49.11,26.34,372.35415667937866,1.8246274458800904,5.607792493820713,3.795269078463658,3.8721162720623763,0.1380579088927444,0.584927296462519,0.34993778544532717
23.45,48.67,27.88,372.93765470577495,1.6946004968455397,5.064083402111246,3.789175963089232,3.5917081311958676,0.12989205907520565,0.5537881563355527,0.3403962878851017
24.07,48.15,27.78,372.36547084408323,1.737190901796564,5.245128061926092,3.829187746234664,3.5618263364585845,0.1293949048385332,0.5524048819477395,0.3408002859581404
22.01,47.37,30.62,372.4445030493447,1.4983931225846447,3.9226090831980924,3.7331726723638456,1.9929690894779282,0.09715414373256497,0.44164341997620205,0.31845234855799875
21.8,45.97,32.23,372.9412406292982,1.422551945190612,3.726714506619633,3.5783610411425566,3.415110711267554,0.1278443087382621,0.5493754113042604,0.3420358510621316
21.84,44.66,33.5,373.76262716375857,1.3838505851911744,3.720726139800796,3.430455177270856,3.9987478809423953,0.14180824875262416,0.5989384596346365,0.3518588845484184
19.21,44.83,35.96,373.28529393254075,1.23728309473158,3.161395122331392,3.0905428024515835,0.7295394142327316,0.07448254309112787,0.3516642095832638,0.2729732738353519
20.5,42.0,37.5,376.30491186833206,1.1996950667924393,3.8869011003419662,3.0318426533747656,2.3258143504917106,0.09795841832476257,0.43364788861877085,0.29738544306641485
19.49,42.05,38.46,376.57869691544613,1.1036827844175114,3.6589879338954474,3.0152934626543084,2.7832146215059366,0.10365890429883884,0.44744643222267894,0.29396843676533413
19.9,39.29,40.82,382.47242522012294,1.0227862648798294,3.4970317769216726,2.9879713539942907,3.8836438144738694,0.13910766794914964,0.5897892546490252,0.35545665736078375
18.58,39.34,42.08,382.52259793726176,0.972764012757229,3.28399334743243,2.923694185619234,4.1335095036757545,0.14737084403022424,0.6235729224606664,0.37467119208565836
16.28,38.37,45.35,385.2843890500799,0.9221238785288368,2.999288038200574,2.8172798053040324,5.243798259832065,0.18513747375851916,0.7691153962538828,0.4466701645378547
16.27,34.94,48.8,392.86288926554624,0.9273676944645608,3.0208200448102573,2.756871934554075,6.095738212275576,0.21390099018802444,0.8721604465748165,0.4953626194017142
31.84,51.84,16.33,360.67284492235336,2.49802032174226,7.972466178433094,3.873028492426431,4.272664695064926,0.1554353695946795,0.6593144003254335,0.4047765984778402
31.84,52.24,15.92,360.8487502078956,2.495958297150537,7.902938995378859,3.8463998825585306,4.5713812326901175,0.16392934666804498,0.6906072795240545,0.4155701653723318
29.83,52.94,17.23,362.21949000054883,2.4608763972853915,7.800927150429948,3.7089023531898166,3.6140891199438885,0.13380646765363874,0.5746674922012912,0.36861940384131436
30.83,50.83,18.33,360.078650080457,2.5151624391084786,8.391717462191703,3.9433240051606684,0.7405107099129897,0.08374072165948328,0.4054032200978729,0.3332612602944046
29.74,51.29,18.97,362.5219491265448,2.4256413246151776,7.881945583850841,3.808692960324932,3.0704847514428653,0.11913106238156969,0.5196532417293295,0.34745897200553477
29.79,49.36,20.85,365.02922825214716,2.2897061640693868,7.3041892118960785,3.8977813879708294,4.183372088017002,0.14804345709024283,0.6253857062045415,0.3715544196785414
27.95,48.91,23.14,368.5531851166111,2.116125515343285,6.56569672686902,3.8548365314921296,4.439120024472971,0.15401631083152828,0.6454196902582078,0.37037722416123803
26.61,48.93,24.46,370.2433935321132,2.009180882768699,6.207482420322754,3.832558852155604,4.279115981635623,0.14938457090212068,0.6276231567863796,0.36340832835203357
27.9,45.92,26.18,369.85531325495947,1.9978569600618143,5.989291709991325,4.044257851430119,3.1996966025560765,0.11882048655865206,0.510113199510573,0.3235678535664766
26.03,46.58,27.4,371.08963298410623,1.8721027087731654,5.9242658821714205,3.97626590712294,0.7376825621596934,0.08065474065927421,0.3864181958880356,0.3056879676965692
25.34,45.25,29.41,372.4074661374473,1.7021358529351034,5.004772398924392,3.8571025237323275,3.8426841898773896,0.13745929180767327,0.5831504736464218,0.35081070388168073
25.45,45.54,29.02,372.11765237750694,1.7338910254420536,5.161210000609323,3.8836887320132343,3.5986425615215545,0.1311376871632895,0.5597469963745605,0.34413055472262133
23.74,45.21,31.05,372.9337635692678,1.5524413892169042,4.295959891978549,3.7152966201334237,3.9384586986140584,0.14099791092389144,0.5978894002380473,0.35710130059107437
24.88,41.95,33.17,376.8336744632076,1.444489579214032,4.185659688232004,3.54948945551434,4.7802928336122275,0.16404078782771273,0.6841803894491776,0.3823308650661347
23.04,41.67,35.29,377.2223507631155,1.3309870584842374,3.9888353622589525,3.3041748761957423,4.126733612894488,0.1461472949732348,0.6163496506650745,0.3586579608029853
21.08,41.67,37.25,376.7621140715534,1.2353020302880477,4.058760804659024,3.0374617958868564,0.7363879936039616,0.07931721591236064,0.37806722278969496,0.29375152273308147
20.31,39.58,40.1,381.80078914864316,1.052692122772291,3.6194940551115558,3.0185619128093304,3.732295739914575,0.13439542868887658,0.5707569458100417,0.3458906409284008
19.79,39.58,40.62,381.92946110972787,1.0243388707843177,3.5358674550565876,2.9958209849563944,3.7138597368056234,0.13451655320437794,0.572236169290825,0.3490382440190786
19.55,37.99,42.46,384.81681638652924,0.9897673377692678,3.1968891111858326,2.902939446591684,4.144690966106553,0.1476577820144922,0.6256285113320179,0.37730275731540175
17.42,35.39,47.19,391.12299977768185,0.9393099802244967,2.914808257401764,2.742173450167102,4.844581978325896,0.17548446824012684,0.7349882075835881,0.4446444870306653
18.71,35.67,45.61,389.0480570157158,0.9606687179091403,2.803978688807492,2.7404697015712634,2.7909058700899356,0.12048429807458344,0.5363117403481477,0.3804518844399858
32.5,51.67,15.83,360.71778536741976,2.4900358936382663,7.867240940558629,3.894593689872412,4.758595683647428,0.16962707559985146,0.712440208948527,0.42378075002768795
33.19,50.21,16.6,360.9387983194588,2.457933285590311,7.780140258140877,3.9823125217953814,4.596713633256184,0.16454337547109535,0.6942405374783095,0.4155711851738418
31.95,50.62,17.43,360.478237735703,2.4896428700247837,8.091035003532559,3.9569411267821106,3.4791859104608345,0.13462139674645493,0.5836822913919212,0.3802960945655111
33.19,50.0,16.81,361.03310444264605,2.4513998313476004,7.768866463413456,3.992569389891226,4.526788856434639,0.1624087191135918,0.6862844203042987,0.41221165031632445
33.05,47.7,19.25,363.828228179565,2.3106209471294448,7.252932931420026,4.067989237460656,4.5476896745130615,0.16013694135216894,0.6746332317796763,0.3956047559738022
29.73,47.75,22.52,367.21193720024024,2.1722100948506013,6.768593660496809,3.986316944493132,4.535225124798792,0.15686725937364845,0.6565346573028614,0.3753733706510743
31.36,45.76,22.88,368.7092573301534,2.0917602962148667,6.4260865606235456,4.102245244900372,4.407137281912036,0.15306839004746498,0.6413636714048935,0.3686450784610641
30.3,45.89,23.81,369.0162243330396,2.076770423781653,6.317551214216662,4.093807194449239,4.113444984811399,0.14383527767816523,0.6045431497780339,0.35354208490000477
29.24,44.49,26.27,369.82219533342345,2.029373875890595,5.7479736575324045,4.118972483406048,0.7241820740334332,0.07250946130317636,0.34400915581126384,0.27795622711061546
26.48,46.12,27.4,370.9668825045891,1.8844781920133835,5.845630181270928,3.9864764364310745,2.3050862580164355,0.10139489853752631,0.45291112952396706,0.31626245391141705
27.52,44.5,27.98,371.730113935377,1.8468820441662526,5.438167002423842,3.9753544930199656,3.4958809179301014,0.12567452789082945,0.5349737198431788,0.33012639055909415
25.79,43.44,30.77,374.37333064421625,1.6046063532262131,4.62469381068221,3.7562586814311594,4.582414777665282,0.15795164160216282,0.6603949954200378,0.3743215982524394
26.17,42.06,31.78,376.488205014996,1.5283297146970587,4.42609968251606,3.6794312570055476,4.8414019602897875,0.1655391598936937,0.6895177623633341,0.38397252230014767
26.17,40.65,33.18,379.0170210565428,1.4329273289401914,4.220068323433185,3.589797796564751,4.8173472575785965,0.16476897064515794,0.6864439218184633,0.3826233714516518
23.53,39.71,36.76,380.9373169793365,1.2424129544860953,3.9343532443659357,3.2617727967847534,4.103608812038884,0.14498567538854273,0.611293281354987,0.3566616234556995
23.53,39.22,37.25,382.00973981250115,1.2127981272548645,3.8815557854654195,3.2448700284361864,4.100076654582661,0.1446489168168059,0.6096771567096146,0.3558371381045959
21.88,38.02,40.1,384.97001275502595,1.0764129549919743,3.550504345506595,3.0598251910101575,4.3187991771667225,0.15054608462053223,0.632152069713452,0.36608058736844096
22.46,36.36,41.18,388.98314247062007,1.0481131620875586,3.355105887318536,3.032933454425373,4.417339210196596,0.15354681969140482,0.6442578241079436,0.3734374126231548
20.56,35.0,44.44,391.4006950428357,0.9868766267964478,2.9202953384508294,2.797369601126169,3.362725879975676,0.12839762826938192,0.5576725090304793,0.36950329149704914
20.88,35.71,43.41,389.86231162521204,0.9986332456385005,3.03197782951921,2.860838692333254,3.8463672811286274,0.1397031310493575,0.5967153640654337,0.3728108320563287
19.3,35.67,45.03,388.2967221112321,0.972530185153941,2.75575066257732,2.7427302306747787,0.7420442446255434,0.08553473538172465,0.41609318720659216,0.3490845082599031
36.67,48.33,15.0,362.1690636336538,2.362761972451981,6.975906861797136,4.073675929343436,5.587477303503929,0.19345514393005317,0.8003607744340601,0.4546123559936333
36.21,48.56,15.23,362.0678998976158,2.3723782121086527,7.06709085971225,4.063230007770607,5.5270385503161785,0.1915071043942772,0.7935251857937953,0.45150178447146494
34.45,47.48,18.07,363.4962475926434,2.3135313598075715,7.097043551991904,4.088469350747158,4.699339073142429,0.16507008384946045,0.6942213363638178,0.4063839364287882
33.62,46.81,19.57,364.9915827164967,2.2513741203749165,6.949715613914604,4.094927006820908,4.6686899628332075,0.16301993051839822,0.6845386254343557,0.39628845235195626
32.74,48.23,19.03,363.13389529427855,2.346479925722611,7.43714803317272,4.050256918467549,4.388575202131806,0.15614841346958264,0.6603256391365352,0.3928665580498968
33.19,44.68,22.13,369.44654978523477,2.0526867099817743,6.238593377684833,4.119139082863642,4.536512736881079,0.15754883194684968,0.6597672019173468,0.3771557436238588
33.19,45.26,21.55,368.25591222565305,2.106117197408399,6.4269085637024945,4.114885647105336,4.649473556809985,0.16103228233231606,0.6737839678944161,0.38390997467148763
29.39,44.74,25.88,369.8372716266756,2.027142819705772,5.836591894719887,4.11932843892472,2.0998978626818356,0.09215544156875051,0.410453912610562,0.2927472815065581
29.33,44.44,26.22,369.94876324448967,2.018768612836837,5.730964799969265,4.116956755247369,1.1914154360278533,0.07597887401773482,0.3542128122838538,0.27924101392358147
29.82,43.58,26.61,371.6170296636542,1.8695260270378502,5.32671179160609,4.048974511680345,0.7215603206752038,0.07095933813904515,0.3360693088747421,0.2730817700997466
27.96,43.13,28.91,373.8563380930594,1.7363239604043286,5.04044691020882,3.893045447939617,4.0677181778971345,0.14170410025178048,0.5955100649089133,0.3483903847290386
26.42,41.98,31.6,376.570766126195,1.538154911228549,4.459713363106146,3.6943770777130673,4.836801620873622,0.16534353719647427,0.6886455605737231,0.3834933939296697
25.98,40.69,33.33,378.9580933620268,1.425535741466381,4.2014147889951765,3.5754679360044785,4.806831413200309,0.16447895289727962,0.6853596980269407,0.38225086374615086
26.58,40.54,32.88,379.1866032962215,1.4470208640062407,4.25727393881713,3.6170833408970195,4.828340989557554,0.16506450091018338,0.6875168260813178,0.3829575841758915
26.5,37.5,36.0,385.59442424668174,1.2502066301242674,3.8934962660111943,3.510558783076142,3.4025599053727653,0.12243774398691012,0.5216524185907531,0.3245697879168106
24.62,39.7,35.68,380.94413235264653,1.294298886365698,3.984526834552099,3.3870678916721975,4.368202797073612,0.1517537334760904,0.6363220218992595,0.36448920901334425
23.71,36.08,40.21,389.7630928005657,1.0762495420224993,3.4670971684183325,3.138423993457064,4.205146276673846,0.14761917526131008,0.6210821118851846,0.3627119467721018
24.18,36.26,39.56,389.21767797862213,1.0945520859641797,3.536562750096545,3.195690513690797,3.9640989338577555,0.1412620283118475,0.5970475700591542,0.3538621075504163
23.63,33.52,42.86,397.0693626776366,1.0262437770563104,3.211008148598202,2.9854593170038006,3.996544312176083,0.14213829702096564,0.6024585138378706,0.36745174054763835
17.92,35.84,46.24,389.4289898245805,0.9473072278621645,2.8601614112516565,2.7454752906911346,3.994213921104265,0.15128901198006794,0.6472157868813084,0.4142521310968224
20.48,31.33,48.19,403.1358814796322,0.9678517015062276,3.15327306589259,2.6901068587550805,4.441206255332569,0.1619969082725481,0.6856436931904835,0.42944375548536073
38.33,47.08,14.58,362.63526494440873,2.318849712515446,6.630797035776881,4.124710099122467,5.506044525540528,0.19134341503394872,0.7908613441568006,0.4528623203625381
37.13,46.84,16.03,363.2721951105988,2.2947805843560207,6.668205077501241,4.125213380065243,4.855226759274345,0.17061688328725153,0.7144216233783379,0.4211023843041841
35.06,45.89,19.05,365.6506297336559,2.2089500826499737,6.611021933027248,4.12716094158481,4.475310182883967,0.1578498052638041,0.6651113702536499,0.3912493106272828
35.81,46.72,17.47,363.9907930964913,2.275937718542408,6.766149188451941,4.1188355542905555,4.573961853304278,0.16173252149892414,0.6813933049630856,0.4040975768423733
35.62,44.64,19.74,367.4067308884851,2.1286846869092533,6.240582927108662,4.146293061502882,4.2333923081652,0.15044444837839951,0.6355151191528137,0.3775826814921855
34.05,44.4,21.55,369.2369459937663,2.0587493428231927,6.185985769480659,4.1211318229449105,4.587417900077143,0.15917563487772912,0.6664685534182035,0.38089398750869646
32.73,44.55,22.73,370.1360952477659,2.0229375277905466,6.165290074716765,4.12216678899085,4.364245652538097,0.15244916278863208,0.6396909042699447,0.36878008172105725
33.48,42.73,23.79,373.5144444399876,1.8731320683388233,5.648494264566301,4.080265595894499,3.919295570983093,0.1398798866255942,0.5913686118767217,0.35081064536666356
31.7,42.86,25.45,375.24850705168035,1.7864762489788844,5.553260474851918,4.149012275298977,0.7334229280108744,0.07693814082192404,0.3653215913372789,0.2880647801576918
29.86,42.08,28.05,375.49329420074855,1.7131364725022913,4.978053530949929,3.8916354577323964,3.4930742252561475,0.12533150531315734,0.5320690260811791,0.3259092727128464
30.09,39.81,30.09,380.3833650553008,1.543070234740183,4.529486532532997,3.7237727906421023,4.342599086122396,0.15153262214676705,0.6358620600504773,0.36513312068005266
28.37,41.86,29.77,376.29566446401094,1.6375873051584997,4.757548545248269,3.80775991803329,4.4440833414952365,0.15323206287868685,0.640621206148934,0.36450692759342035
27.65,39.63,32.72,380.86314255064417,1.4396844967597897,4.256606009630611,3.6470191839587827,4.716915331532542,0.161760179642276,0.6746045874721869,0.3782247555299371
27.45,38.24,34.31,383.72289511758834,1.3464834215105732,4.0651270949755105,3.6007526146380275,4.0551665520424445,0.1420249057317014,0.5979402334836956,0.35134015478813246
26.87,38.81,34.33,382.61615545289106,1.351399693365535,4.075015269758007,3.572649338187603,4.3079432836432945,0.14924914863187572,0.625722583891885,0.36063043832938574
25.51,37.76,36.73,385.1525864475311,1.2154333019870598,3.832783744837184,3.411400996153579,3.6692955759764017,0.13121136912892664,0.5565542423633263,0.3368126455386888
24.74,35.26,40.0,391.8842077855093,1.0818054620856936,3.487267665895181,3.201854565533724,3.8697973651450512,0.13823656969005924,0.5852115528254945,0.35055587866218757
24.86,34.05,41.08,395.32347062191815,1.0611924973590683,3.392299358064812,3.1457180565180667,3.897670207833404,0.13874381142166461,0.5876776403396543,0.3551578507605925
23.5,33.33,43.17,397.63908765751154,1.0216030813980395,3.1902097058820718,2.9611567060921224,3.9873632456296115,0.14191569215243424,0.6019180461003153,0.3687694535211505
20.11,35.2,44.69,390.42952327916356,0.9813547925840395,2.863311518945844,2.775173801100083,2.8573079081284107,0.11753670335190834,0.520649135253834,0.3642146961987871
20.96,31.74,47.31,402.51644386883294,0.9734923120652222,3.1195601318285533,2.6998910411937405,4.096948926361924,0.14990901572103368,0.6398980230824868,0.40868767146082524
39.84,45.53,14.63,363.0838697964071,2.273959388563327,6.319074707876762,4.184326464609109,5.104211702547151,0.1799379294130955,0.7474906840990752,0.43856283995940365
38.03,45.3,16.67,364.47737028403435,2.220560692479646,6.264366904731952,4.174648133832134,3.7865392414291486,0.13933709665200694,0.5957739485010182,0.3801601227339064
37.18,46.58,16.24,363.52237133769165,2.2811633309258617,6.608648586565256,4.133180907301563,4.683049631230197,0.16542861797088806,0.6948089347853417,0.4137168829853576
37.93,43.97,18.1,366.7085193310904,2.134969355605365,5.920372887469055,4.205219326529825,0.7360967118972364,0.08002759710691279,0.3849093990606027,0.3189249543637614
35.93,43.72,20.35,368.7828231177001,2.070208901806467,5.998716458278796,4.149044219268395,4.212486683706545,0.1488726594224621,0.6278703236008624,0.37126239543255873
35.06,44.59,20.35,367.95671988375824,2.1090717505031464,6.2455411020858875,4.135542438897055,4.461153594355858,0.15627238500406868,0.656755531159672,0.38184978251233054
34.65,42.98,22.37,371.5940113749726,1.9559990250062163,5.783120752734473,4.0969238660919824,4.411044990203042,0.15351962649670015,0.6437148447988199,0.37020334856329096
31.76,43.35,24.89,373.7289116636208,1.8557604764013695,5.702241818082295,4.147408892507009,2.524038878410405,0.10479863225161395,0.4605663832881667,0.31036798391146314
33.04,40.53,26.43,378.60925471970893,1.6612901039711871,4.947081381702178,3.8241840234795768,3.0552113015089493,0.11573861274583029,0.5002300144917584,0.3221075493300535
32.24,40.19,27.57,379.8646024448725,1.6005210275076964,4.745253521303245,3.6873126502809144,0.7371388315048121,0.08004498491072454,0.38261778705911414,0.30082187029152263
31.55,40.29,28.16,379.5843828968616,1.599653387997021,4.724274845775726,3.725099972586712,2.751062240106442,0.1113699858436055,0.48776165725791965,0.32241574574389614
29.06,39.9,31.03,380.21619215439097,1.5160352890842845,4.448592643047682,3.712591709684993,4.656801036967035,0.16022127843340017,0.668806691014726,0.3760270887438562
29.27,38.05,32.68,383.91444695703655,1.4127196286010417,4.206005395188098,3.6688154413756364,4.453606363298808,0.15433590973230957,0.6460734421582673,0.36825827148666507
29.15,37.19,33.67,385.6680607025714,1.3638784446708336,4.101220168013489,3.657063348856607,3.9925964975132278,0.14128451324526253,0.5957991882477192,0.3510669239529576
27.78,36.87,35.35,386.6470900022756,1.2879378100922303,3.953958372027321,3.610773459100994,2.604000973496589,0.10203119467490329,0.446234115675169,0.30383603173852464
26.15,35.9,37.95,389.5330368969921,1.1305943814382058,3.6490240794984263,3.3931538796421283,0.7346019115402243,0.07791418737370101,0.3705131633912482,0.2915408660456633
25.13,34.36,40.51,394.3747572672618,1.073177703058791,3.45268563325048,3.191626763980286,3.8533348864296584,0.13723398204970827,0.5812148955086838,0.3506386132444433
25.28,32.58,42.13,399.4426852123974,1.0484517733676646,3.3215592708981205,3.1039789006386416,3.0311829608273833,0.11865385051778134,0.5174618242895156,0.344585100135053
23.03,34.27,42.7,394.7769928433108,1.024206098219925,3.1945353110973405,2.970331827914707,4.210657227416224,0.14782363036686452,0.6234855822977093,0.3726281419432564
20.12,36.09,43.79,388.4208104882743,0.987185270805401,2.956070500157911,2.8251472754638907,3.394405496420969,0.12947046841072518,0.5616260186481713,0.3685148484774254
22.89,31.33,45.78,404.29492274036926,0.9962647499233458,3.1960773192214376,2.776350333931391,3.71067658524827,0.13576865110059416,0.5834380002178883,0.38024981301760874
40.65,43.09,16.26,364.3152809359736,2.1853790520850027,5.899832442394446,4.266823672037315,3.2094797408851448,0.12789101533690755,0.5557976612386835,0.37214705422497846
39.04,44.74,16.23,364.2113711167299,2.2123728567418692,6.1299635157592665,4.198374264667786,3.720957595055186,0.13754889213971858,0.5885886999238122,0.3798269855991527
39.91,42.98,17.11,364.89744256174674,2.1437095323131667,5.775567406713421,4.248365099644758,0.7366515185296766,0.08071207435410818,0.3886431393960702,0.32468098939127277
40.18,42.86,16.96,364.8395457620052,2.1524925050275305,5.796354249616576,4.260716054947536,1.8627578589974538,0.09691977850093898,0.44406583178108544,0.3382114590914743
38.67,41.78,19.56,368.9326293009325,2.0617179747887078,5.653599525827055,4.253756114507999,3.6029184006507604,0.12889900652812436,0.5488738736145132,0.3439635129010041
37.73,41.36,20.91,371.03282789239313,1.9925041703238904,5.540341727535304,4.187167963296103,3.9364210828056896,0.13881651231668618,0.586522391587636,0.35218581070109684
35.14,41.44,23.42,374.275262349623,1.8449820787012847,5.36748439451224,4.016302559079925,4.114184470730904,0.14462463926766045,0.6091501523564147,0.3567878904850363
37.56,39.82,22.62,374.2708008321959,1.8722606014419945,5.181194841653766,4.074507293467592,3.511417785962585,0.12820347422325915,0.5476463661715493,0.33914385309297973
35.27,37.95,26.79,381.52134865217306,1.6240846030290164,4.678177030405029,3.7839549631283944,3.7597475128224294,0.13364370142923632,0.5663773812992969,0.341108292238573
33.33,39.19,27.48,381.0635233724611,1.5936485285539963,4.691573496832002,3.720376276780214,3.2066968444183526,0.12150935556030372,0.5240739428272374,0.33190696025501454
30.77,39.42,29.81,381.1884100685153,1.5365701982726114,4.521201974111032,3.7096192874602907,4.14025575214568,0.14629437105663168,0.6165619185708238,0.3596359866209805
31.58,38.28,30.14,383.3859248742676,1.498253776566516,4.4262998698113805,3.6901440227181137,4.217985949833232,0.14829022950168091,0.6241543023343427,0.3623133696428438
31.84,35.82,32.34,387.9392173736994,1.3911593502453128,4.175542782266263,3.684258165559226,4.239656058392114,0.14788231740870036,0.6213766073353758,0.3604448277603692
29.59,35.71,34.69,388.7231308794055,1.3108908541737283,4.013312552448375,3.6472834824201867,3.485479175539274,0.12688425789058805,0.5400835727036514,0.33171572708123825
27.75,36.13,36.13,388.70820135343433,1.2343782717544762,3.8882730741627793,3.601743692324998,0.7112010246132113,0.0685031679298107,0.3264156281788407,0.27180300285089326
26.18,34.55,39.27,393.51742303741315,1.10519917748774,3.5982409612012267,3.315157554589865,3.3222249569356594,0.12224017894474926,0.5232860415357494,0.32868788450375486
28.34,31.55,40.11,399.9153196455942,1.1168322103685873,3.7241603220822417,3.317350555676798,3.531637485539996,0.13029558425194013,0.5585999927490567,0.35202824177429454
23.3,33.52,43.18,397.0574576547162,1.0200422054843463,3.1793428809208075,2.9524950240052745,4.060072467006479,0.14380298999664126,0.6088775071763493,0.3706399810123869
25.15,31.74,43.11,401.85182342103815,1.035678129199324,3.2687554014582783,3.038406066237539,2.519195995601447,0.10871542724486044,0.4851210325458526,0.3441097314946607
24.12,31.76,44.12,402.25986849761745,1.017718532420234,3.2203966885956015,2.9248347734485294,3.620692577365356,0.13301066453932536,0.5710089172259618,0.36720747559422273
22.84,29.63,47.53,410.3553025282727,0.9903781990190247,3.346153201858062,2.6606322767122625,0.7428777063893435,0.08686658991364246,0.42369834365255743,0.36548563624569386
40.44,43.56,16.0,364.0819736531549,2.1980690772636233,5.962795264551341,4.24870228838716,3.470497206099312,0.13425666717735468,0.578791730001995,0.38008939943083947
40.87,41.3,17.83,366.3636681822267,2.138645633555297,5.7433859262806335,4.345651313199677,3.5794676290492347,0.13191093797121,0.565088639610142,0.3599467712981376
39.44,43.19,17.37,365.39386627286643,2.140724692489841,5.806248346264804,4.239295990073427,2.094571046699116,0.09530033350140849,0.4323880031188299,0.32889023294864506
38.86,40.61,20.52,370.8277384838861,2.0201484339554066,5.528939856119719,4.2704398921340125,3.567014280093395,0.1289450761728734,0.549757279570738,0.34190676278480897
39.47,39.04,21.49,373.0351067127673,1.9846836528166283,5.397946988048593,4.318797453604212,2.638466197784668,0.10800755124501432,0.4754410382395046,0.32225393830099386
38.81,39.73,21.46,372.6650772130082,1.96937151485605,5.386534841672206,4.246907396438316,3.2878733985154733,0.12237754352263604,0.5260800428015004,0.334154804398841
37.96,40.28,21.76,372.80917927854966,1.9379139347967151,5.353359265780857,4.162472150589909,3.7006389808974,0.13267774711589808,0.5636888946109807,0.343979675789171
37.16,38.53,24.31,377.358491795234,1.7291341559734477,4.746665103084104,3.855013955240321,0.7372918744275393,0.08023956605913608,0.383939755492787,0.30311518291517825
35.41,36.36,28.23,385.0925695940541,1.5741962852911608,4.6054377582057615,3.7800559345479114,3.625440991303894,0.13025591183910928,0.5539588248625412,0.3381437185306521
33.49,36.32,30.19,386.87601197683716,1.4791028614066415,4.399166801696935,3.7109908301573182,3.8856590764047154,0.13823511515867049,0.5852876830008461,0.3497208842713442
31.53,37.93,30.54,384.0612190206066,1.4798669378650713,4.379047372912421,3.688895099277495,4.325857721857838,0.1510553325769678,0.6343678406621337,0.3653378972349806
31.03,38.42,30.54,383.1296287114199,1.4898009954305598,4.400567225838787,3.691992246535958,4.364429861854905,0.1522790746348419,0.6391124819450102,0.3669137196389417
30.0,35.5,34.5,389.06319592422886,1.3148837319410727,4.026668095290248,3.649500022325176,3.75036841873992,0.13392815923687507,0.5667862319218354,0.34018903033695697
28.22,36.14,35.64,388.03887645491864,1.28241357174532,3.93316529163769,3.6323700695955403,0.7161912895330561,0.07077690720081264,0.337396448777813,0.27736362627513134
27.78,33.33,38.89,396.42917195238573,1.1382722742961464,3.781853548136601,3.39844900210463,2.833553367099043,0.11032620328603857,0.48042538656773043,0.3190597486087954
29.19,32.97,37.84,396.35139553309176,1.1835368118445961,3.9363989737927954,3.486928881098423,2.6039053425836864,0.10716247926731924,0.4716022550932872,0.31930709111134303
26.86,30.86,42.29,402.5390769682497,1.0643315186347206,3.448533919042667,3.1450911662737138,3.2581615179982104,0.12571726367823338,0.5460205270200847,0.3595521732221881
25.71,31.43,42.86,402.3570243551108,1.0435769372449946,3.3000809259575643,3.0801175413136663,1.5822936013709596,0.09254725488200174,0.43125621557026184,0.3338337622906453
21.56,31.14,47.31,404.8020004488865,0.9787344014520518,3.1823358279926053,2.6931400031350483,3.690958539674772,0.13923504755268065,0.6011802414412002,0.3987084775652596
42.6,40.36,17.04,365.4732073404639,2.189048440266176,5.858840823547163,4.421560239212017,4.486616127931556,0.15925505287381744,0.6697117449967783,0.39905048864953524
43.67,40.17,16.16,364.6983237831254,2.2246642065351674,5.953143926940161,4.438530009069396,5.0415548871251685,0.1772553621634334,0.7379987964645217,0.42826641824467504
43.05,40.36,16.59,365.0377113897906,2.206350068080998,5.9042987012024915,4.425682746693165,4.740677398611797,0.16754718922513662,0.7014064889311834,0.41276375247619185
40.35,39.47,20.18,370.5931766147959,2.065773479029633,5.587115685929395,4.406245089352646,2.8526670602620294,0.11357042404309335,0.49653141177523274,0.3312998921899715
40.18,38.81,21.0,372.402482294303,2.0365033348511554,5.522095144319981,4.421975783775137,0.7375500389765849,0.08043002422007933,0.3850409305347439,0.30640589987942113
39.82,38.5,21.68,373.4874689444546,1.980846932371584,5.37248103294719,4.348728312569909,2.556385875132375,0.10608025646435242,0.46839692327114285,0.32005185729601954
38.21,38.21,23.58,376.43389850847285,1.8097382304038467,4.94085983870281,4.040683156401695,2.963997066688635,0.11407194729607295,0.49529006946609266,0.3236234447794293
37.91,37.44,24.64,378.35185795410433,1.746329916062089,4.79684407417619,3.966248357454429,2.9570392434412227,0.11354728993141947,0.49290520177829455,0.32218075548130276
36.15,35.21,28.64,386.8017810499091,1.5781163903578102,4.662619063664337,3.819695554449152,3.159182257096136,0.1186621922578981,0.5115444994719162,0.3271144314270454
34.2,37.31,28.5,384.2987408776336,1.5500202291514344,4.552411576944303,3.7294633629461598,3.8503588508792737,0.1368648783276607,0.5794768515718408,0.34645164794793953
35.5,34.5,30.0,390.2252758647361,1.51372015022319,4.593027065085208,3.7719915388362515,0.7360917006367007,0.07934525341021553,0.3792574463252279,0.300995876959733
31.34,36.32,32.34,387.101034242663,1.3968737818980754,4.184039016558253,3.6809673218334855,4.339828873975278,0.15080260355814787,0.6324671666676188,0.36374975455178654
32.47,34.02,33.51,390.81063239080277,1.3358104702887803,4.080981752388247,3.672821403943717,3.8142318005502682,0.13673857359245697,0.5801168912528081,0.34944794933520673
29.44,33.89,36.67,393.49125567506013,1.2224898358972407,3.9417351355252226,3.5584637105350025,3.40416733369222,0.12282529557310821,0.5233078394099435,0.3254628548227658
30.69,29.63,39.68,400.5266189793958,1.1450857255109934,3.859320217139641,3.3467433827515833,4.266042697305647,0.15171099040807612,0.6421369011528097,0.38719182760907744
29.03,31.72,39.25,399.118605408961,1.1434938802196226,3.842517739315468,3.3848708515959425,3.1219394745797846,0.12104676628468826,0.5254315174355668,0.34207480269014023
25.73,31.58,42.69,402.0224759253178,1.0452365322228299,3.2958561260565133,3.0944280090028045,0.7395209105802119,0.08259958840403628,0.3985128348668107,0.32638286033232616
26.16,29.07,44.77,406.5389775841283,1.038917542608683,3.436158497321455,2.967972130147799,4.372947278067973,0.15673374934059714,0.6635714579644665,0.4075765376589615
25.3,28.92,45.78,407.8548247107412,1.0245599540666435,3.412822850052314,2.8786348121566987,4.253363914283734,0.15406589346416025,0.6547522293024852,0.40984922596087586
44.0,38.67,17.33,365.4711070520326,2.210682851437089,5.919015518428357,4.517750052893144,4.553040262400855,0.16171858027874267,0.6794999742860808,0.40409862449688366
45.09,35.71,19.2,365.79256451619455,2.212138520222872,5.970885619168033,4.668078945520094,0.7385926341732203,0.08193679661829113,0.39478812796266455,0.327290094062105
42.34,37.84,19.82,369.2898923084525,2.111282831353721,5.665520353380442,4.532098583414272,3.680421695135986,0.13301904402662879,0.5667280124875286,0.35173890276725495
42.27,35.91,21.82,373.61989390518494,2.0039430684046105,5.379836929511299,4.567630100299406,3.378131662102966,0.12350025404383747,0.528700892506122,0.3350888302058546
40.54,35.14,24.32,378.6425305099625,1.839535023075654,5.006831083501882,4.330323983409101,3.494468446023782,0.1270085436170098,0.5423375500127704,0.33723408658457527
40.19,36.45,23.36,376.6813329629111,1.8776392056621956,5.079682925854928,4.31325107539887,3.5723528086211522,0.12789407921774162,0.5439125234517923,0.33491892350437064
38.79,35.51,25.7,380.52274017945035,1.7445277664284171,4.8460695503166,4.074122497885163,2.923527216733934,0.11347807819976194,0.493518300035736,0.3236767550798515
38.35,34.95,26.7,382.1501853766064,1.706495834670097,4.822893526609421,4.008542084864132,0.7369954182491406,0.07999865291019156,0.38264270886519036,0.30275617533621746
35.82,35.32,28.86,387.1880929022852,1.5620367684130056,4.630164634601617,3.799140589849508,3.080250995816878,0.11721262734009463,0.5068310466985958,0.326479849558573
34.17,35.18,30.65,388.92713828840334,1.4633579069711613,4.392732285384838,3.728877601674152,3.299645498795233,0.12286724022192555,0.5282472966355283,0.33401877575875577
34.98,33.0,32.02,391.3418470502026,1.4193893207616886,4.357931242036514,3.7501856262813704,2.608719013818317,0.1058320386065178,0.46633865797738216,0.3194065713692555
32.63,33.68,33.68,391.28796420373624,1.3287504023889758,4.07620548110332,3.6696251112688203,3.7207879313044474,0.13452733611989634,0.5722460421965274,0.34787086615335044
33.52,30.22,36.26,396.5677055825764,1.2626486942778345,4.189718017962725,3.537362825595591,3.931833785425344,0.14074526421310576,0.5983850848406886,0.3671405936817108
28.74,32.76,38.51,397.63076533051884,1.1638346177030234,3.9284774511357927,3.446084521129425,0.7373148987601225,0.08011788162794312,0.3830905471628254,0.30411347453645343
30.11,30.68,39.2,399.6534377803694,1.150968500775416,3.867359555850113,3.3814671919534045,3.904091655022515,0.14102984427304754,0.6001698096920144,0.3678227967904101
27.33,29.65,43.02,404.25792798935555,1.064144951916075,3.5014864569498787,3.108001078238906,4.152704524812727,0.1499290333435788,0.6368805536919951,0.39209501095010557
26.9,28.65,44.44,406.271968050857,1.050827868339836,3.4963627933656447,3.0156178566625784,4.676560067399849,0.16571715424666725,0.697272309462312,0.41862476335970694
47.14,35.24,17.62,366.51697846143765,2.2452478390881883,6.111948702022766,4.6920213134575155,4.444439761599247,0.16143384218156773,0.67857138420853,0.417329261736667
44.39,36.92,18.69,366.18063508193507,2.197528927459995,5.9024691955043975,4.606775527855246,3.3244753072638433,0.12793737724099305,0.5537087884801308,0.3625008889057851
43.81,34.76,21.43,372.41943302358345,2.062581466993998,5.584873185617229,4.692045995332611,3.3052579376084057,0.12118184288200119,0.5204990057113867,0.3382223623448116
42.93,36.1,20.98,371.36277020980754,2.06752841886715,5.55627170918713,4.6072960654023,3.4939262044288513,0.12630266524377962,0.5391744252807829,0.3402524211833416
42.51,34.3,23.19,377.42776095339906,1.9165201800953748,5.136926103939758,4.611277660886578,0.7380742552809443,0.08091768725870549,0.38794608825313065,0.3110048984302209
41.18,33.82,25.0,379.9763530749903,1.8329616235832058,5.03965783378512,4.37556120586259,3.6017891552443575,0.13138825137666743,0.5610424584596468,0.34742528249623467
38.94,34.62,26.44,381.9176736564806,1.7307943025122543,4.8727936000273395,4.078120665121575,2.4779435600576436,0.10555167141927578,0.46784995115235584,0.32051544664516923
36.68,34.17,29.15,388.2630781809535,1.5801709479005552,4.743701881534017,3.850413177526851,3.0795072673162767,0.11652073848307759,0.5034254328410631,0.32508506019538735
37.37,32.32,30.3,390.56179153647395,1.5841146911358581,4.979364764579983,3.8771114808309415,3.677283287260543,0.1302891025461232,0.5523324472996006,0.3382984105851783
35.53,32.49,31.98,391.9612537859178,1.4461657452383436,4.528975209738419,3.764433904406747,3.0041056939668755,0.11441430527180482,0.4961402370204727,0.32604428270122593
34.43,32.79,32.79,391.29195351809017,1.3643877602123715,4.134132212533848,3.7286701308725325,0.7372458765225993,0.08037420092835987,0.3851158638892241,0.3070188382843529
32.97,31.89,35.14,394.3127958555105,1.286302366517946,4.1199872339956265,3.6082649059193748,3.952781691676781,0.1406956055584123,0.5958459992103157,0.3581487480053558
31.64,30.51,37.85,398.07641138251734,1.1930015338486653,3.979496097394183,3.4533568455504566,4.008544772457098,0.14310748726514466,0.607401250016737,0.36947792432959925
27.91,30.81,41.28,401.61593025044886,1.090793397338428,3.6015099136726745,3.2305375495242385,3.8538645728806795,0.1395471769371117,0.5947833223660144,0.36866891280802816
29.76,28.57,41.67,403.0410086397911,1.1091021418124962,3.7401142377601917,3.2309819921660994,4.859051654263813,0.17003932031279137,0.712786762659764,0.41758758875167046
45.54,35.21,19.25,366.76475405131504,2.2086628458029502,5.999675656824016,4.710669852063552,2.3506833623575836,0.10418786454781198,0.46783378014422583,0.3435652140929508
44.76,34.76,20.48,369.7681994025314,2.1390256545751436,5.823841364520902,4.731093514667404,3.075530221308796,0.11567343596973909,0.5017850421515071,0.3394147479465473
43.63,32.84,23.53,377.3772775661991,1.9538794911541204,5.359916391997675,4.643118796344747,3.543735423630302,0.13147212141348896,0.5641735572185415,0.35801460826360687
41.79,33.83,24.38,379.10340413118274,1.8657720680148644,5.085085155664637,4.470323931816753,3.2291552721874655,0.12297499168513691,0.531459365238968,0.3416221525726059
41.18,32.84,25.98,381.48512749660154,1.809790737195829,5.067112934095006,4.32294647648267,4.002664265224242,0.14225833932440274,0.6021396449700125,0.3615127532228319
41.21,32.16,26.63,382.45972134135684,1.7972359890823495,5.095197867706309,4.29000012966003,4.184050159703649,0.1473396615535648,0.6216027016886346,0.3690543054863892
39.38,31.09,29.53,388.36082276525286,1.690238507259982,5.220735248892789,4.027733452170485,3.7693024287188437,0.13340310079931783,0.5657020364007168,0.3481746767032152
38.34,30.57,31.09,392.6613166162401,1.6314408803766687,5.444779859110446,3.897614445441467,3.32527694137791,0.12182808988672324,0.5225040574294803,0.33597521065660446
37.44,31.28,31.28,392.6210039843698,1.5736476466519844,5.170112987409757,3.8499172809498035,3.602628337729707,0.12866413128525192,0.5469453165585458,0.33942149295500723
36.17,30.85,32.98,394.3297168989574,1.460856859341064,4.858303440813124,3.7432005814785785,3.6182406345940215,0.1307590124652474,0.5574008180770494,0.34672588814368915
34.1,29.48,36.42,397.0697397314103,1.2700800547429179,4.263434133773573,3.5250069852659207,3.7250357780242624,0.1361619880408963,0.5832981160935317,0.3680691781608107
34.09,27.84,38.07,398.61877168244814,1.2037068385021283,4.084453752332854,3.405265269026973,0.7422791249309447,0.08582599939816027,0.41773321872803254,0.34986219849561495
29.48,28.9,41.62,402.938186791461,1.1057692201169775,3.7188042472517795,3.229812586067839,4.744101189186212,0.16630142828983835,0.6982156080713462,0.41094280538778355
46.8,32.51,20.69,372.35992365150065,2.1661056183656946,6.127138180476619,4.924138680795402,0.740535250400746,0.08425770313185224,0.4080361708470972,0.3449400735066389
45.54,30.69,23.76,377.56296449022676,1.9974687065264085,5.612940412538337,4.668806198275985,4.652692577271102,0.1650124992589662,0.6935419496221809,0.4129297759155815
44.12,31.86,24.02,378.05357577623613,1.9535467914490552,5.4232418280690355,4.626538535207758,4.178324961737279,0.1491952976111494,0.6315799624981465,0.3827600311122894
42.21,31.16,26.63,382.1428757175996,1.8271242530337515,5.1808495715259335,4.353995692012177,4.434716029961722,0.15568874414478417,0.6552639839651633,0.38602555196389743
43.56,30.69,25.74,380.6297832284637,1.885390253716141,5.309710939350814,4.474475016373983,4.699417893022931,0.1646361798364679,0.6907702397425728,0.4037178191961674
40.93,29.02,30.05,386.54758385653724,1.7306343084804605,5.151458558075345,4.102182960565695,1.9698159310632037,0.09752283955074759,0.4456900278990951,0.3367667462553001
40.96,28.72,30.32,386.54284171770627,1.7255863388996318,5.118001161841583,4.092298831713293,0.7380252672339636,0.08185497886984723,0.39495076582069855,0.32893946753389397
37.77,29.79,32.45,395.4396661763777,1.5785720355833146,5.5247721478677665,3.808468335017373,3.0997240360540985,0.11901716999583134,0.5159546567258885,0.34019283248981885
36.41,28.26,35.33,397.04098166271774,1.3983544515682775,4.829518046298688,3.6276006405633825,4.1843327285554475,0.14941981401005217,0.6334076992010312,0.3868022045877402
35.96,26.97,37.08,398.1739896380132,1.3181556081427603,4.5322742514468946,3.523710863376981,4.07281454743956,0.15059600219659408,0.6429586183887687,0.4043055330675214
35.59,25.99,38.42,399.2233195756595,1.2753624097088638,4.379389466311912,3.459442692429132,4.402521262894719,0.16271520550454924,0.6896976183982023,0.42753582460787276
45.23,31.66,23.12,376.4440571545763,2.0187872921802845,5.636937952011591,4.720654626996233,4.120697607086288,0.148342541443286,0.6295055257038461,0.38779489134056894
44.5,30.14,25.36,379.96795145510873,1.9188382800466175,5.414276036659542,4.525809986724396,4.9457925154363895,0.1729870215435272,0.7232774676797836,0.41978910466682356
42.35,29.08,28.57,384.322002158625,1.7889169771612532,5.190179544546695,4.238053303203943,4.059571527162483,0.1488084676453816,0.6332915328948112,0.39098898655047976
40.22,29.05,30.73,389.4449792301096,1.7067000378720327,5.388212334417015,4.021560436318095,2.444180816966491,0.10214140331968932,0.4559046116344011,0.33258881232648785
40.98,28.42,30.6,387.5422468045488,1.72030078065869,5.2089161450037444,4.0706556868101105,1.9822519304455826,0.09834946666333878,0.449561510797912,0.3416634787498667
38.86,29.14,32.0,396.01219372082073,1.6669719059036594,6.012983806986661,3.8648328550397184,0.7360119238463982,0.07974831652345951,0.38290084306524186,0.3157318867562539
35.06,29.31,35.63,396.6929557021139,1.329184052482375,4.496834546152958,3.5832479328921965,3.94195628158857,0.14160412086344534,0.6027447135363724,0.3723158183034533
