spot,Co,Ir,Ti
1,20.68,59.07,20.25
2,18.61,58.87,22.51
3,20.94,56.41,22.65
4,20.83,54.17,25.0
5,18.14,53.54,28.32
6,17.27,53.64,29.09
7,16.27,52.63,31.1
8,18.81,49.54,31.65
9,17.06,50.71,32.23
10,15.12,49.76,35.12
11,15.38,48.21,36.41
12,21.85,58.4,19.75
13,21.05,58.33,20.61
14,21.03,56.65,22.32
15,19.65,56.77,23.58
16,20.51,54.27,25.21
17,19.23,53.85,26.92
18,18.64,53.64,27.73
19,19.91,50.23,29.86
20,16.83,52.4,30.77
21,17.35,48.4,34.25
22,17.87,46.86,35.27
23,16.34,47.52,36.14
24,15.82,44.9,39.29
25,21.37,59.83,18.8
26,21.99,57.26,20.75
27,22.57,57.08,20.35
28,22.08,54.55,23.38
29,22.22,55.13,22.65
30,19.56,54.22,26.22
31,18.94,54.19,26.87
32,18.5,51.54,29.96
33,18.35,51.38,30.28
34,19.53,49.3,31.16
35,18.87,48.58,32.55
36,17.22,48.33,34.45
37,18.0,45.0,37.0
38,17.01,44.33,38.66
39,15.34,43.92,40.74
40,25.85,56.36,17.8
41,22.73,58.68,18.6
42,22.75,57.08,20.17
43,24.05,54.43,21.52
44,22.84,54.74,22.41
45,22.55,53.19,24.26
46,22.65,52.14,25.21
47,21.62,50.9,27.48
48,21.08,50.67,28.25
49,20.36,49.77,29.86
50,20.36,48.87,30.77
51,18.72,48.77,32.51
52,16.67,46.08,37.25
53,17.19,44.79,38.02
54,17.68,43.94,38.38
55,18.0,40.5,41.5
56,16.11,41.67,42.22
57,27.02,57.26,15.73
58,27.31,55.42,17.27
59,24.78,56.09,19.13
60,27.78,52.56,19.66
61,23.95,55.46,20.59
62,25.0,53.39,21.61
63,24.79,52.14,23.08
64,24.24,51.08,24.68
65,21.4,49.78,28.82
66,22.47,48.46,29.07
67,21.97,47.09,30.94
68,21.1,46.33,32.57
69,19.05,46.19,34.76
70,18.54,44.39,37.07
71,19.49,44.1,36.41
72,18.91,42.29,38.81
73,18.85,41.36,39.79
74,14.75,41.53,43.72
75,16.02,40.88,43.09
76,29.71,53.97,16.32
77,28.34,55.06,16.6
78,27.54,55.08,17.37
79,26.23,52.87,20.9
80,24.89,53.22,21.89
81,26.27,50.85,22.88
82,25.55,51.1,23.35
83,24.66,48.88,26.46
84,23.25,49.56,27.19
85,23.45,48.23,28.32
86,21.82,47.73,30.45
87,21.27,47.96,30.77
88,20.2,44.83,34.98
89,19.8,43.56,36.63
90,18.69,43.94,37.37
91,17.86,42.86,39.29
92,17.46,41.27,41.27
93,19.58,37.57,42.86
94,16.48,39.56,43.96
95,30.74,53.69,15.57
96,30.04,53.5,16.46
97,27.73,55.04,17.23
98,27.85,53.16,18.99
99,30.08,51.69,18.22
100,28.57,50.0,21.43
101,26.61,51.07,22.32
102,25.33,49.78,24.89
103,24.55,49.11,26.34
104,23.45,48.67,27.88
105,24.07,48.15,27.78
106,22.01,47.37,30.62
107,21.8,45.97,32.23
108,21.84,44.66,33.5
109,19.21,44.83,35.96
110,20.5,42.0,37.5
111,19.49,42.05,38.46
112,19.9,39.29,40.82
113,18.58,39.34,42.08
114,16.28,38.37,45.35
115,16.27,34.94,48.8
116,31.84,51.84,16.33
117,31.84,52.24,15.92
118,29.83,52.94,17.23
119,30.83,50.83,18.33
120,29.74,51.29,18.97
121,29.79,49.36,20.85
122,27.95,48.91,23.14
123,26.61,48.93,24.46
124,27.9,45.92,26.18
125,26.03,46.58,27.4
126,25.34,45.25,29.41
127,25.45,45.54,29.02
128,23.74,45.21,31.05
129,24.88,41.95,33.17
130,23.04,41.67,35.29
131,21.08,41.67,37.25
132,20.31,39.58,40.1
133,19.79,39.58,40.62
134,19.55,37.99,42.46
135,17.42,35.39,47.19
136,18.71,35.67,45.61
137,32.5,51.67,15.83
138,33.19,50.21,16.6
139,31.95,50.62,17.43
140,33.19,50.0,16.81
141,33.05,47.7,19.25
142,29.73,47.75,22.52
143,31.36,45.76,22.88
144,30.3,45.89,23.81
145,29.24,44.49,26.27
146,26.48,46.12,27.4
147,27.52,44.5,27.98
148,25.79,43.44,30.77
149,26.17,42.06,31.78
150,26.17,40.65,33.18
151,23.53,39.71,36.76
152,23.53,39.22,37.25
153,21.88,38.02,40.1
154,22.46,36.36,41.18
155,20.56,35.0,44.44
156,20.88,35.71,43.41
157,19.3,35.67,45.03
158,36.67,48.33,15.0
159,36.21,48.56,15.23
160,34.45,47.48,18.07
161,33.62,46.81,19.57
162,32.74,48.23,19.03
163,33.19,44.68,22.13
164,33.19,45.26,21.55
165,29.39,44.74,25.88
166,29.33,44.44,26.22
167,29.82,43.58,26.61
168,27.96,43.13,28.91
169,26.42,41.98,31.6
170,25.98,40.69,33.33
171,26.58,40.54,32.88
172,26.5,37.5,36.0
173,24.62,39.7,35.68
174,23.71,36.08,40.21
175,24.18,36.26,39.56
176,23.63,33.52,42.86
177,17.92,35.84,46.24
178,20.48,31.33,48.19
179,38.33,47.08,14.58
180,37.13,46.84,16.03
181,35.06,45.89,19.05
182,35.81,46.72,17.47
183,35.62,44.64,19.74
184,34.05,44.4,21.55
185,32.73,44.55,22.73
186,33.48,42.73,23.79
187,31.7,42.86,25.45
188,29.86,42.08,28.05
189,30.09,39.81,30.09
190,28.37,41.86,29.77
191,27.65,39.63,32.72
192,27.45,38.24,34.31
193,26.87,38.81,34.33
194,25.51,37.76,36.73
195,24.74,35.26,40.0
196,24.86,34.05,41.08
197,23.5,33.33,43.17
198,20.11,35.2,44.69
199,20.96,31.74,47.31
200,39.84,45.53,14.63
201,38.03,45.3,16.67
202,37.18,46.58,16.24
203,37.93,43.97,18.1
204,35.93,43.72,20.35
205,35.06,44.59,20.35
206,34.65,42.98,22.37
207,31.76,43.35,24.89
208,33.04,40.53,26.43
209,32.24,40.19,27.57
210,31.55,40.29,28.16
211,29.06,39.9,31.03
212,29.27,38.05,32.68
213,29.15,37.19,33.67
214,27.78,36.87,35.35
215,26.15,35.9,37.95
216,25.13,34.36,40.51
217,25.28,32.58,42.13
218,23.03,34.27,42.7
219,20.12,36.09,43.79
220,22.89,31.33,45.78
221,40.65,43.09,16.26
222,39.04,44.74,16.23
223,39.91,42.98,17.11
224,40.18,42.86,16.96
225,38.67,41.78,19.56
226,37.73,41.36,20.91
227,35.14,41.44,23.42
228,37.56,39.82,22.62
229,35.27,37.95,26.79
230,33.33,39.19,27.48
231,30.77,39.42,29.81
232,31.58,38.28,30.14
233,31.84,35.82,32.34
234,29.59,35.71,34.69
235,27.75,36.13,36.13
236,26.18,34.55,39.27
237,28.34,31.55,40.11
238,23.3,33.52,43.18
239,25.15,31.74,43.11
240,24.12,31.76,44.12
241,22.84,29.63,47.53
242,40.44,43.56,16.0
243,40.87,41.3,17.83
244,39.44,43.19,17.37
245,38.86,40.61,20.52
246,39.47,39.04,21.49
247,38.81,39.73,21.46
248,37.96,40.28,21.76
249,37.16,38.53,24.31
250,35.41,36.36,28.23
251,33.49,36.32,30.19
252,31.53,37.93,30.54
253,31.03,38.42,30.54
254,30.0,35.5,34.5
255,28.22,36.14,35.64
256,27.78,33.33,38.89
257,29.19,32.97,37.84
258,26.86,30.86,42.29
259,25.71,31.43,42.86
260,21.56,31.14,47.31
261,42.6,40.36,17.04
262,43.67,40.17,16.16
263,43.05,40.36,16.59
264,40.35,39.47,20.18
265,40.18,38.81,21.0
266,39.82,38.5,21.68
267,38.21,38.21,23.58
268,37.91,37.44,24.64
269,36.15,35.21,28.64
270,34.2,37.31,28.5
271,35.5,34.5,30.0
272,31.34,36.32,32.34
273,32.47,34.02,33.51
274,29.44,33.89,36.67
275,30.69,29.63,39.68
276,29.03,31.72,39.25
277,25.73,31.58,42.69
278,26.16,29.07,44.77
279,25.3,28.92,45.78
280,44.0,38.67,17.33
281,45.09,35.71,19.2
282,42.34,37.84,19.82
283,42.27,35.91,21.82
284,40.54,35.14,24.32
285,40.19,36.45,23.36
286,38.79,35.51,25.7
287,38.35,34.95,26.7
288,35.82,35.32,28.86
289,34.17,35.18,30.65
290,34.98,33.0,32.02
291,32.63,33.68,33.68
292,33.52,30.22,36.26
293,28.74,32.76,38.51
294,30.11,30.68,39.2
295,27.33,29.65,43.02
296,26.9,28.65,44.44
297,47.14,35.24,17.62
298,44.39,36.92,18.69
299,43.81,34.76,21.43
300,42.93,36.1,20.98
301,42.51,34.3,23.19
302,41.18,33.82,25.0
303,38.94,34.62,26.44
304,36.68,34.17,29.15
305,37.37,32.32,30.3
306,35.53,32.49,31.98
307,34.43,32.79,32.79
308,32.97,31.89,35.14
309,31.64,30.51,37.85
310,27.91,30.81,41.28
311,29.76,28.57,41.67
312,45.54,35.21,19.25
313,44.76,34.76,20.48
314,43.63,32.84,23.53
315,41.79,33.83,24.38
316,41.18,32.84,25.98
317,41.21,32.16,26.63
318,39.38,31.09,29.53
319,38.34,30.57,31.09
320,37.44,31.28,31.28
321,36.17,30.85,32.98
322,34.1,29.48,36.42
323,34.09,27.84,38.07
324,29.48,28.9,41.62
325,46.8,32.51,20.69
326,45.54,30.69,23.76
327,44.12,31.86,24.02
328,42.21,31.16,26.63
329,43.56,30.69,25.74
330,40.93,29.02,30.05
331,40.96,28.72,30.32
332,37.77,29.79,32.45
333,36.41,28.26,35.33
334,35.96,26.97,37.08
335,35.59,25.99,38.42
336,45.23,31.66,23.12
337,44.5,30.14,25.36
338,42.35,29.08,28.57
339,40.22,29.05,30.73
340,40.98,28.42,30.6
341,38.86,29.14,32.0
342,35.06,29.31,35.63
