Spot,Ti,Co,Ir
1,14.001851,26.050351,59.947798
2,16.791674,26.148433,57.059893
3,19.652591,26.068981,54.278428
4,22.554125,25.81802,51.627855
5,25.484189,25.406121,49.10969
6,28.416236,24.860101,46.723663
7,31.322146,24.206803,44.471051
8,34.174395,23.494108,42.331498
9,36.938594,22.760099,40.301307
10,39.585273,22.047281,38.367447
11,42.079051,21.393162,36.527787
12,12.942346,27.235972,59.821682
13,15.646026,27.472564,56.88141
14,18.426333,27.527309,54.046358
15,21.265198,27.389541,51.345261
16,24.143534,27.07084,48.785626
17,27.041091,26.58084,46.378069
18,29.926511,25.942684,44.130805
19,32.78218,25.198603,42.019218
20,35.575369,24.395388,40.029243
21,38.271848,23.576848,38.151305
22,40.844186,22.796647,36.359167
23,43.261392,22.085779,34.652829
24,45.497843,21.47514,33.027017
25,11.908277,28.292363,59.79936
26,14.513663,28.682038,56.804299
27,17.202563,28.885983,53.911455
28,19.959994,28.893117,51.146889
29,22.768635,28.701959,48.529405
30,25.60789,28.311752,46.080358
31,28.455134,27.734798,43.810067
32,31.288747,27.011715,41.699538
33,34.086008,26.176396,39.737597
34,36.812939,25.284854,37.902207
35,39.442485,24.388307,36.169208
36,41.934175,23.540947,34.524878
37,44.265756,22.784709,32.949534
38,46.413893,22.142283,31.443824
39,48.360491,21.627187,30.012322
40,10.897661,29.203695,59.898645
41,13.39056,29.749586,56.859854
42,15.978284,30.116348,53.905368
43,18.640707,30.283924,51.075369
44,21.364086,30.241558,48.394356
45,24.123907,29.98468,45.891412
46,26.908324,29.520061,43.571615
47,29.70175,28.865958,41.432292
48,32.475353,28.053357,39.47129
49,35.211233,27.132685,37.656082
50,37.870252,26.161257,35.968491
51,40.424965,25.19502,34.380015
52,42.840934,24.292602,32.866465
53,45.089949,23.494474,31.415577
54,47.146738,22.828004,30.025258
55,48.997048,22.301469,28.701483
56,50.63349,21.913346,27.453164
57,9.888423,29.949031,60.162546
58,12.272441,30.648281,57.079278
59,14.750017,31.182035,54.067948
60,17.306663,31.52165,51.171687
61,19.931452,31.652751,48.415797
62,22.601787,31.557066,45.841148
63,25.306029,31.237262,43.456709
64,28.029391,30.698812,41.271797
65,30.756104,29.964524,39.279372
66,33.469446,29.07083,37.459724
67,36.138428,28.074807,35.786766
68,38.734316,27.027546,34.238138
69,41.222653,26.002406,32.774941
70,43.563667,25.052862,31.383471
71,45.729547,24.224802,30.045651
72,47.699154,23.539373,28.761473
73,49.454065,23.009632,27.536303
74,50.991806,22.627185,26.381009
75,52.315246,22.378065,25.306689
76,11.143265,31.360723,57.496012
77,13.510608,32.057546,54.431847
78,15.96234,32.573115,51.464546
79,18.479409,32.887883,48.632708
80,21.051554,32.978605,45.969841
81,23.660898,32.832836,43.506267
82,26.302539,32.447639,41.249822
83,28.956528,31.836932,39.20654
84,31.618951,31.02895,37.352099
85,34.271495,30.061308,35.667197
86,36.880461,28.996795,34.122744
87,39.416337,27.894254,32.689409
88,41.840612,26.81858,31.340809
89,44.111968,25.835451,30.052581
90,46.202234,24.983942,28.813824
91,48.084986,24.291906,27.623108
92,49.745733,23.759307,26.49496
93,51.184686,23.379971,25.435344
94,52.409933,23.140701,24.449365
95,9.991527,31.877308,58.131165
96,12.253838,32.727691,55.01847
97,14.597791,33.417916,51.984293
98,17.008741,33.915079,49.07618
99,19.478591,34.200847,46.320562
100,21.992842,34.249541,43.757617
101,24.540527,34.04921,41.410263
102,27.112481,33.60773,39.279789
103,29.70513,32.931385,37.363485
104,32.304897,32.057465,35.637639
105,34.898558,31.030934,34.070507
106,37.453138,29.906479,32.640383
107,39.938803,28.755688,31.305509
108,42.303949,27.647107,30.048944
109,44.51209,26.640833,28.847077
110,46.525564,25.776222,27.698213
111,48.32018,25.079056,26.600764
112,49.89329,24.546358,25.560352
113,51.233131,24.177499,24.58937
114,52.35943,23.949064,23.691506
115,53.286628,23.844315,22.869057
116,10.972917,33.190464,55.83662
117,13.212135,34.036519,52.751346
118,15.522199,34.715154,49.762647
119,17.890685,35.196862,46.912453
120,20.308464,35.452966,44.23857
121,22.762392,35.46159,41.776018
122,25.251769,35.213153,39.535078
123,27.763353,34.712311,37.524336
124,30.295902,33.979904,35.724194
125,32.844112,33.050878,34.10501
126,35.387216,31.96869,32.644094
127,37.899292,30.799455,31.301253
128,40.332468,29.616951,30.050582
129,42.645502,28.483527,28.870971
130,44.789366,27.461738,27.748896
131,46.728358,26.592332,26.67931
132,48.440707,25.894434,25.66486
133,49.914276,25.372819,24.712905
134,51.15903,25.01074,23.83023
135,52.188063,24.792664,23.019274
136,53.018261,24.702657,22.279082
137,11.806622,34.440346,53.753032
138,14.017384,35.281725,50.700891
139,16.288908,35.947875,47.763217
140,18.613999,36.405478,44.980524
141,20.982811,36.632166,42.385023
142,23.38657,36.602529,40.010901
143,25.821678,36.311871,37.866451
144,28.286383,35.76439,35.949227
145,30.774873,34.980365,34.244761
146,33.280536,34.000831,32.718633
147,35.781761,32.879569,31.33867
148,38.253116,31.675361,30.071523
149,40.644486,30.463624,28.891891
150,42.902441,29.317629,27.77993
151,44.979714,28.292242,26.728044
152,46.840954,27.426675,25.732371
153,48.463375,26.73734,24.799285
154,49.842402,26.224547,23.933051
155,50.986953,25.876862,23.136186
156,51.914922,25.673049,22.412029
157,52.651127,25.592794,21.75608
158,12.504667,35.618516,51.876818
159,14.679468,36.450877,48.869656
160,16.914339,37.100183,45.985478
161,19.197922,37.536726,43.265352
162,21.523573,37.73463,40.741797
163,23.88894,37.673386,38.437674
164,26.290398,37.341705,36.367897
165,28.717245,36.755448,34.527307
166,31.175808,35.930887,32.893305
167,33.651555,34.911068,31.437377
168,36.124098,33.757829,30.118074
169,38.556883,32.529039,28.914078
170,40.903223,31.302344,27.794433
171,43.108119,30.147679,26.744202
172,45.115845,29.124796,25.759358
173,46.892208,28.268661,24.839131
174,48.419389,27.594363,23.986248
175,49.697786,27.098776,23.203438
176,50.739414,26.76692,22.493666
177,51.566794,26.579662,21.853544
178,52.207761,26.513433,21.278806
179,13.081336,36.727263,50.191402
180,15.221935,37.54187,47.236195
181,17.422075,38.17319,44.404736
182,19.672063,38.587458,41.740479
183,21.968845,38.76027,39.270886
184,24.305834,38.665725,37.028441
185,26.683234,38.30866,35.008106
186,29.096415,37.685328,33.218257
187,31.538593,36.831962,31.629446
188,33.994918,35.787534,30.217548
189,36.44258,34.607866,28.949554
190,38.84369,33.364119,27.792191
191,41.143807,32.129607,26.726586
192,43.28458,30.975084,25.740337
193,45.212661,29.963199,24.824139
194,46.897521,29.123089,23.97939
195,48.323281,28.468155,23.208564
196,49.494843,27.995575,22.509582
197,50.431317,27.684893,21.883791
198,51.158758,27.515869,21.325374
199,51.706595,27.462544,20.830861
200,13.565759,37.756258,48.677984
201,15.67306,38.554408,45.772532
202,17.843584,39.163602,42.992814
203,20.067391,39.556424,40.376185
204,22.344274,39.704244,37.951482
205,24.669678,39.589917,35.740405
206,27.038575,39.209021,33.752404
207,29.449406,38.565515,31.985079
208,31.886002,37.69208,30.421917
209,34.331307,36.631934,29.03676
210,36.758162,35.442544,27.799294
211,39.121687,34.194916,26.683397
212,41.365244,32.966313,25.668443
213,43.436931,31.820194,24.742875
214,45.280695,30.821934,23.89737
215,46.866386,30.002046,23.131568
216,48.185111,29.371761,22.443127
217,49.247106,28.924159,21.828735
218,50.079691,28.633132,21.287177
219,50.70831,28.482095,20.809596
220,51.165448,28.444588,20.389964
221,13.986754,38.708385,47.304861
222,16.069393,39.483224,44.447384
223,18.215394,40.072904,41.711702
224,20.424813,40.444309,39.130878
225,22.69247,40.573445,36.734085
226,25.014366,40.443807,34.541827
227,27.38745,40.048374,32.564175
228,29.798536,39.398895,30.802569
229,32.233237,38.520795,29.245968
230,34.670074,37.459583,27.870343
231,37.071811,36.277558,26.650631
232,39.392761,35.039995,25.567244
233,41.575178,33.825218,24.599604
234,43.566494,32.699967,23.733538
235,45.318697,31.720516,22.960787
236,46.799781,30.925943,22.274276
237,48.008594,30.321507,21.669899
238,48.963555,29.895915,21.14053
239,49.693609,29.626154,20.680237
240,50.228151,29.490015,20.281833
241,50.600399,29.461746,19.937855
242,16.438714,40.337465,43.223821
243,18.570868,40.903443,40.525689
244,20.771648,41.258557,37.969795
245,23.039581,41.371972,35.588447
246,25.367443,41.235386,33.397171
247,27.746739,40.837843,31.415418
248,30.16246,40.193848,29.643692
249,32.596868,39.325262,28.077869
250,35.013389,38.285526,26.701085
251,37.383827,37.122139,25.494035
252,39.65207,35.911997,24.435933
253,41.764039,34.726869,23.509092
254,43.667587,33.631733,22.700679
255,45.319361,32.683562,21.997077
256,46.694587,31.916173,21.389241
257,47.797542,31.33488,20.867578
258,48.649624,30.928362,20.422014
259,49.283696,30.672781,20.043524
260,49.733375,30.543126,19.723499
261,16.816026,41.120085,42.063888
262,18.940724,41.668123,39.391153
263,21.141473,42.004001,36.854526
264,23.41304,42.111148,34.475812
265,25.747487,41.973762,32.278751
266,28.133532,41.584312,30.282156
267,30.551548,40.956834,28.491617
268,32.972947,40.12042,26.906633
269,35.368755,39.110477,25.520768
270,37.692445,37.991999,24.315556
271,39.894895,36.826405,23.2787
272,41.925037,35.685981,22.388982
273,43.733952,34.632287,21.633762
274,45.2849,33.719595,20.995504
275,46.557301,32.979326,20.463373
276,47.559964,32.418337,20.0217
277,48.317909,32.024499,19.657592
278,48.866417,31.774911,19.358672
279,49.238362,31.645429,19.11621
280,19.346859,42.372313,38.280828
281,21.551466,42.698691,35.749843
282,23.830241,42.801409,33.368349
283,26.171255,42.668908,31.159837
284,28.559907,42.298672,29.141421
285,30.969991,41.70435,27.325659
286,33.371992,40.90723,25.720779
287,35.728211,39.952575,24.319214
288,37.996102,38.889013,23.114885
289,40.125819,37.782656,22.091525
290,42.06681,36.698836,21.234354
291,43.7771,35.696881,20.526019
292,45.225192,34.825802,19.949006
293,46.399922,34.113671,19.486407
294,47.311218,33.568538,19.120245
295,47.985412,33.180764,18.833824
296,48.457066,32.930333,18.612602
297,22.014259,43.346948,34.638793
298,24.2982,43.452471,32.249329
299,26.640587,43.334461,30.024952
300,29.024003,42.992796,27.983201
301,31.418563,42.435555,26.145882
302,33.789165,41.694938,24.515897
303,36.098566,40.802956,23.098477
304,38.298885,39.811568,21.889547
305,40.346193,38.775757,20.87805
306,42.192914,37.760706,20.04638
307,43.805135,36.814352,19.380513
308,45.154841,35.988398,18.856761
309,46.238799,35.304432,18.456769
310,47.067978,34.772651,18.159371
311,47.668429,34.386572,17.944999
312,24.814936,44.077068,31.107996
313,27.154509,43.978442,28.867049
314,29.521877,43.671207,26.806915
315,31.890051,43.16646,24.943489
316,34.219907,42.48694,23.293153
317,36.47015,41.668491,21.861359
318,38.600313,40.752072,20.647615
319,40.561219,39.795628,19.643153
320,42.313316,38.853239,18.833444
321,43.829653,37.968876,18.20147
322,45.08894,37.187982,17.723078
323,46.089866,36.532737,17.377397
324,46.844814,36.013693,17.141493
325,27.700623,44.609144,27.690233
326,30.047144,44.340535,25.612322
327,32.379113,43.890064,23.730823
328,34.658858,43.279595,22.061547
329,36.846072,42.536041,20.617887
330,38.897806,41.704226,19.397968
331,40.769633,40.832153,18.398214
332,42.432699,39.961744,17.605557
333,43.857505,39.142124,17.000371
334,45.033357,38.407856,16.558787
335,45.960021,37.781053,16.258926
336,32.875858,44.612249,22.511894
337,35.097949,44.070241,20.83181
338,37.217805,43.405915,19.37628
339,39.188923,42.659155,18.151922
340,40.97692,41.867769,17.155311
341,42.55227,41.073897,16.373833
342,43.894473,40.317479,15.788048
