Spot,Ti,Co,Ir,O
1,9.184292,8.359857,15.93702,66.518831
2,9.846512,7.864909,15.61785,66.670729
3,10.263031,7.83708,15.15172,66.748169
4,11.011778,7.608417,14.615695,66.764109
5,11.884804,7.179704,14.135448,66.800044
6,12.375798,6.892734,13.832316,66.899152
7,13.074012,6.70512,13.368998,66.851869
8,13.620907,6.881382,12.832501,66.66521
9,14.049285,6.502551,12.622618,66.825546
10,14.826313,6.345035,12.094025,66.734626
11,15.387036,6.323249,11.621353,66.668361
12,8.746923,9.125407,15.778416,66.349254
13,9.208411,8.754239,15.522487,66.514863
14,9.816775,8.479092,15.092647,66.611486
15,10.35405,8.06042,14.800512,66.785018
16,11.005963,7.934063,14.262045,66.797928
17,11.637307,7.592976,13.87966,66.890056
18,12.13908,7.327961,13.553621,66.979338
19,12.921091,7.440233,12.910784,66.727891
20,13.369746,6.895171,12.760059,66.975024
21,14.329636,7.095564,11.963426,66.611374
22,14.861948,7.075616,11.515508,66.546928
23,15.316307,6.765357,11.244717,66.673618
24,16.059922,6.804937,10.573765,66.561375
25,8.259969,9.707496,15.763525,66.26901
26,8.864177,9.506805,15.313677,66.315341
27,9.167247,9.28,15.049566,66.503187
28,9.974376,8.988482,14.526422,66.51072
29,10.232455,8.710988,14.324316,66.732241
30,11.119588,8.2235,13.858545,66.798367
31,11.588863,7.924811,13.554336,66.931991
32,12.474533,7.840266,12.921406,66.763795
33,12.905629,7.626973,12.621575,66.845823
34,13.463777,7.661559,12.15293,66.721734
35,14.045397,7.496523,11.74968,66.7084
36,14.668345,7.261556,11.3386,66.731499
37,15.391194,7.413061,10.6651,66.530645
38,15.935772,7.228402,10.25774,66.578086
39,16.504697,6.981883,9.870176,66.643244
40,7.826479,10.80209,15.242999,66.128433
41,8.226153,10.207013,15.282251,66.284583
42,8.777408,9.944845,14.919937,66.35781
43,9.347417,9.832071,14.431165,66.389347
44,9.822036,9.429193,14.190685,66.558085
45,10.47391,9.174805,13.756674,66.59461
46,11.007034,8.965437,13.373882,66.653647
47,11.73114,8.704442,12.92178,66.642638
48,12.22522,8.445463,12.595927,66.733389
49,12.850702,8.248331,12.182263,66.718704
50,13.374191,8.111982,11.805318,66.708509
51,13.981451,7.837366,11.423519,66.757664
52,14.975887,7.810774,10.641437,66.571901
53,15.437289,7.737964,10.255258,66.569489
54,15.843751,7.60909,9.951915,66.595244
55,16.60049,7.560897,9.427165,66.411448
56,16.986363,7.216821,9.176856,66.61996
57,7.26386,11.488847,15.046587,66.200706
58,7.772491,11.275035,14.734528,66.217945
59,8.313768,10.785926,14.64746,66.252846
60,8.77332,10.820722,14.13276,66.273198
61,9.199254,10.163586,14.136244,66.500917
62,9.732204,10.031793,13.707005,66.528997
63,10.324098,9.7872,13.334479,66.554224
64,10.942102,9.529431,12.953604,66.574863
65,11.916743,9.148781,12.435222,66.499254
66,12.364041,9.082353,12.074776,66.478831
67,13.01891,8.933139,11.638531,66.40942
68,13.61531,8.731415,11.235687,66.417588
69,14.255889,8.442432,10.797691,66.503988
70,14.916922,8.354364,10.282893,66.445821
71,15.203469,8.201241,10.076201,66.519089
72,15.860186,8.059256,9.605881,66.474677
73,16.340142,7.868222,9.286372,66.505264
74,17.089399,7.434104,8.810998,66.6655
75,17.3795,7.296484,8.613819,66.710197
76,7.346003,12.061832,14.394746,66.197419
77,7.70079,11.6866,14.272944,66.339665
78,8.122182,11.361825,14.090504,66.425489
79,8.920099,11.050692,13.785121,66.244087
80,9.39978,10.664133,13.567964,66.368123
81,9.938568,10.584098,13.156504,66.32083
82,10.371691,10.259372,12.892713,66.476224
83,11.222053,10.055924,12.410578,66.311445
84,11.68269,9.670947,12.139619,66.506745
85,12.244166,9.533931,11.752629,66.469275
86,12.906019,9.241417,11.359151,66.493413
87,13.311405,8.969989,11.08678,66.631826
88,14.251063,8.933716,10.445377,66.369845
89,14.82477,8.77835,10.03219,66.36469
90,15.256611,8.493969,9.713542,66.535878
91,15.845342,8.286276,9.303209,66.565174
92,16.453144,8.088068,8.908608,66.55018
93,17.088866,7.995944,8.551935,66.363255
94,17.467959,7.603701,8.268216,66.660124
95,6.940504,12.70667,14.175284,66.177541
96,7.363282,12.411039,13.977911,66.247768
97,7.775176,11.975984,13.898192,66.350649
98,8.32978,11.76315,13.607592,66.299478
99,8.586195,11.654345,13.301816,66.457644
100,9.370167,11.367776,13.039033,66.223024
101,9.851523,10.953558,12.804565,66.390355
102,10.598296,10.669818,12.422099,66.309787
103,11.187294,10.403545,12.067922,66.341239
104,11.778172,10.111941,11.716413,66.393473
105,12.155643,9.944981,11.424119,66.475256
106,12.904505,9.638639,11.00629,66.450565
107,13.498282,9.493303,10.617415,66.391
108,14.037471,9.350471,10.25949,66.352568
109,14.673947,8.995591,9.822579,66.507884
110,15.265484,8.958049,9.442952,66.333515
111,15.726727,8.681354,9.108692,66.483228
112,16.425311,8.510859,8.685942,66.377889
113,16.907242,8.207245,8.350428,66.535085
114,17.618165,7.842761,7.904836,66.634238
115,18.411072,7.564529,7.441616,66.582784
116,7.008724,13.106302,13.759863,66.125112
117,7.292067,12.832627,13.537668,66.337638
118,7.783632,12.464085,13.37406,66.378223
119,8.242544,12.295231,13.140553,66.321672
120,8.67576,11.973988,12.932671,66.417581
121,9.281756,11.774726,12.682112,66.261406
122,9.982625,11.460577,12.360664,66.196134
123,10.547725,11.142067,12.04262,66.267587
124,11.222196,11.10297,11.621842,66.052992
125,11.755793,10.742685,11.306543,66.194979
126,12.41879,10.533418,10.929747,66.118044
127,12.7334,10.286553,10.687267,66.29278
128,13.348758,9.977807,10.347549,66.325886
129,14.031104,9.928398,9.980026,66.060472
130,14.632497,9.612953,9.609391,66.145159
131,15.208776,9.284111,9.20551,66.301602
132,15.951776,9.03357,8.732823,66.281831
133,16.362102,8.769132,8.44034,66.428427
134,16.972185,8.506981,8.056597,66.464238
135,17.905417,8.093406,7.48828,66.512897
136,18.065541,7.942764,7.365392,66.626302
137,6.946695,13.436858,13.388351,66.228096
138,7.332736,13.223119,13.200294,66.243851
139,7.77986,12.909873,12.983471,66.326796
140,8.026442,12.690921,12.786008,66.496629
141,8.655324,12.473773,12.645469,66.225434
142,9.507394,12.147707,12.303314,66.041585
143,9.940824,12.002769,12.020269,66.036139
144,10.476238,11.741328,11.676807,66.105628
145,11.247455,11.537688,11.254557,65.9603
146,11.756025,11.126828,10.94981,66.167338
147,12.244173,11.002776,10.627406,66.125644
148,12.977926,10.719828,10.269738,66.032508
149,13.49084,10.535605,9.978082,65.995474
150,14.046248,10.320108,9.676147,65.957497
151,14.831555,9.95516,9.24619,65.967095
152,15.262085,9.71587,8.954173,66.067873
153,15.990041,9.37522,8.472285,66.162453
154,16.536041,9.136052,8.123086,66.204821
155,17.301512,8.737369,7.619596,66.341524
156,17.495785,8.537759,7.463448,66.503008
157,17.992685,8.204485,7.131453,66.671377
158,6.770549,13.933604,13.086404,66.209443
159,7.121283,13.63237,12.88623,66.360117
160,7.778315,13.321763,12.758321,66.141601
161,8.314063,13.054448,12.569117,66.062372
162,8.62594,12.750825,12.285616,66.337619
163,9.421254,12.589554,11.996855,65.992337
164,9.724086,12.328198,11.723236,66.22448
165,10.788431,12.076829,11.227586,65.907154
166,11.232953,11.853384,10.91306,66.000602
167,11.684396,11.658306,10.606428,66.05087
168,12.379513,11.377562,10.252792,65.990134
169,13.098295,11.093795,9.914553,65.893356
170,13.691689,10.847783,9.606264,65.854264
171,14.003295,10.633933,9.373312,65.989461
172,14.819264,10.383507,8.963632,65.833597
173,15.055646,10.049854,8.753673,66.140828
174,16.078126,9.703357,8.16099,66.057526
175,16.349052,9.48759,7.950873,66.212486
176,17.193342,9.112495,7.421251,66.272913
177,17.763703,8.588497,7.017172,66.630628
178,18.493615,8.334171,6.589217,66.582997
179,6.707858,14.313841,12.725233,66.253067
180,7.187534,13.971143,12.565205,66.276118
181,7.884712,13.639324,12.41846,66.057504
182,8.037105,13.364904,12.164591,66.4334
183,8.689342,13.129676,11.916989,66.263994
184,9.330602,12.88265,11.639517,66.147232
185,9.901259,12.638787,11.322621,66.137334
186,10.459376,12.45698,10.982006,66.101638
187,11.114971,12.223093,10.617711,66.044226
188,11.893568,11.987507,10.223876,65.895049
189,12.575565,11.782911,9.895082,65.746442
190,12.869501,11.469981,9.642004,66.018514
191,13.644245,11.216359,9.297863,65.841533
192,14.235407,10.958272,8.977932,65.82839
193,14.575404,10.685933,8.735666,66.002997
194,15.248061,10.354765,8.358988,66.038187
195,16.091907,9.996334,7.853796,66.057964
196,16.62319,9.707542,7.499996,66.169272
197,17.234858,9.32941,7.102964,66.332768
198,17.635496,8.930808,6.818121,66.615575
199,18.387751,8.592121,6.36727,66.652858
200,6.716643,14.714909,12.324262,66.244186
201,7.26077,14.324306,12.183844,66.23108
202,7.550539,13.978478,11.983189,66.487793
203,8.121958,13.750886,11.708779,66.418376
204,8.785518,13.442321,11.496786,66.275375
205,9.15822,13.161879,11.268434,66.411468
206,9.845115,12.965425,10.940419,66.249041
207,10.63022,12.721938,10.586154,66.061687
208,11.26341,12.556307,10.247744,65.932538
209,11.824496,12.324509,9.929192,65.921803
210,12.290603,12.081777,9.635038,65.992582
211,13.06136,11.788872,9.275128,65.874639
212,13.679692,11.551254,8.95287,65.816183
213,14.190887,11.294645,8.650319,65.864148
214,14.768122,10.978847,8.325875,65.927157
215,15.473529,10.613402,7.925706,65.987363
216,16.197767,10.237507,7.483293,66.081434
217,16.814194,9.912117,7.085892,66.187797
218,17.136965,9.571993,6.85873,66.432311
219,17.489536,9.194782,6.610615,66.705067
220,18.255638,8.916548,6.150202,66.677612
221,6.931928,15.114938,11.860754,66.092379
222,7.230212,14.694357,11.761267,66.314164
223,7.678183,14.491238,11.470828,66.35975
224,8.007502,14.217261,11.223864,66.551373
225,8.709359,13.876075,10.972573,66.441993
226,9.268574,13.589879,10.737164,66.404382
227,10.018848,13.295343,10.509082,66.176727
228,10.289182,13.1287,10.192762,66.389356
229,11.32707,12.886202,9.859451,65.927277
230,11.809607,12.615471,9.593014,65.981908
231,12.529001,12.342752,9.242811,65.885436
232,12.964679,12.125966,8.964925,65.944431
233,13.685336,11.884354,8.590235,65.840075
234,14.369818,11.554682,8.238661,65.836839
235,14.895481,11.222144,7.937232,65.945143
236,15.69724,10.821825,7.486116,65.994818
237,16.272839,10.583819,7.091651,66.051691
238,16.889987,10.043714,6.747722,66.318577
239,17.302746,9.835158,6.458927,66.403169
240,17.740112,9.501105,6.178537,66.580246
241,18.494205,9.043783,5.738793,66.723219
242,7.246131,15.109591,11.273853,66.370425
243,7.828194,14.895536,10.925081,66.351189
244,8.080458,14.476718,10.846416,66.596408
245,8.88151,14.223186,10.510842,66.384463
246,9.40449,14.013966,10.205362,66.376182
247,9.756446,13.7092,10.023076,66.511279
248,10.166934,13.41695,9.82325,66.592866
249,10.944928,13.186748,9.528122,66.340202
250,11.948852,12.938925,9.166817,65.945406
251,12.624203,12.665171,8.852287,65.858338
252,13.024661,12.38574,8.606812,65.982787
253,13.383743,12.133939,8.356694,66.125623
254,14.355683,11.824164,7.898706,65.921447
255,14.841375,11.501438,7.618631,66.038557
256,15.710785,11.127994,7.130913,66.030309
257,15.9406,10.948079,6.921386,66.189934
258,16.908546,10.413976,6.399093,66.278385
259,17.285806,10.094341,6.157533,66.46232
260,18.085196,9.494477,5.726717,66.69361
261,7.474748,15.582299,10.619953,66.323
262,7.707898,15.362098,10.372363,66.55764
263,8.081782,15.04391,10.1897,66.684608
264,8.886531,14.619049,10.013944,66.480475
265,9.366657,14.344257,9.780918,66.508167
266,9.828133,14.064505,9.564225,66.543137
267,10.476569,13.748964,9.364774,66.409693
268,11.018154,13.500739,9.107492,66.373615
269,12.033114,13.227247,8.752232,65.987407
270,12.360052,12.938255,8.569886,66.131807
271,12.996815,12.731403,8.195815,66.075967
272,13.678923,12.384679,7.913115,66.023283
273,14.259467,12.147079,7.55358,66.039875
274,15.05835,11.752095,7.164088,66.025467
275,15.935094,11.38974,6.643661,66.031505
276,16.165734,11.122895,6.487098,66.224273
277,16.926579,10.596199,6.09439,66.382832
278,17.583445,10.221319,5.700743,66.494493
279,18.016815,9.885019,5.437657,66.660509
280,7.925963,15.666759,9.89383,66.513447
281,8.569922,15.446676,9.539275,66.444126
282,8.915329,15.026514,9.496336,66.561821
283,9.575411,14.753085,9.224748,66.446756
284,10.297613,14.402424,9.034219,66.265745
285,10.49314,14.121585,8.882119,66.503156
286,11.220798,13.81768,8.643066,66.318455
287,11.749643,13.556868,8.388537,66.304953
288,12.445886,13.238741,8.142511,66.172862
289,13.090898,12.952046,7.844709,66.112346
290,13.697964,12.711071,7.482331,66.108634
291,14.295211,12.391374,7.193942,66.119473
292,15.094239,12.078308,6.733648,66.093805
293,15.691921,11.64659,6.468265,66.193225
294,16.188947,11.380991,6.136512,66.29355
295,17.031222,10.841955,5.71511,66.411714
296,17.550675,10.484448,5.409778,66.555099
297,8.447715,15.79916,9.107576,66.645549
298,8.84123,15.403582,9.033441,66.721748
299,9.589228,15.095012,8.769363,66.546397
300,9.839109,14.785943,8.641701,66.733247
301,10.538186,14.498391,8.381246,66.582176
302,11.166303,14.178128,8.173568,66.482
303,11.730353,13.839258,8.005501,66.424889
304,12.516379,13.51443,7.73237,66.236821
305,13.086097,13.276027,7.397901,66.239975
306,13.703819,12.966281,7.12002,66.20988
307,14.18092,12.684337,6.860923,66.27382
308,14.899495,12.345905,6.500861,66.253739
309,15.663141,11.961306,6.10717,66.268383
310,16.444372,11.44858,5.742986,66.364062
311,16.884104,11.201833,5.441336,66.472726
312,9.004009,15.705407,8.581773,66.708812
313,9.502948,15.396941,8.387259,66.712853
314,10.302441,15.057183,8.141953,66.498424
315,10.744648,14.718684,8.010319,66.526349
316,11.35234,14.425977,7.767441,66.454241
317,11.818304,14.167535,7.523686,66.490475
318,12.634671,13.825341,7.237561,66.302427
319,13.2397,13.524542,6.962803,66.272955
320,13.617248,13.256354,6.75588,66.370517
321,14.238733,12.94465,6.458082,66.358535
322,15.124041,12.541345,6.055504,66.27911
323,15.727905,12.210209,5.717651,66.344235
324,16.529852,11.680402,5.375039,66.414708
325,9.640433,15.707791,7.923676,66.7281
326,10.428252,15.355826,7.681152,66.53477
327,10.770619,15.050767,7.548785,66.629828
328,11.506556,14.692979,7.331736,66.468729
329,11.7336,14.494727,7.105213,66.66646
330,12.758418,14.085401,6.797078,66.359103
331,13.153092,13.830673,6.56675,66.449485
332,13.819516,13.46354,6.337964,66.378981
333,14.625366,13.091285,5.973964,66.309385
334,15.243074,12.755526,5.652433,66.348966
335,15.783071,12.430591,5.360143,66.426195
336,10.682796,15.333259,7.191425,66.79252
337,11.369616,15.013133,6.941168,66.676083
338,12.201906,14.632123,6.688892,66.477079
339,12.873435,14.279191,6.455724,66.391651
340,13.209232,14.048975,6.222597,66.519197
341,13.761489,13.720045,6.003782,66.514683
342,14.655781,13.277668,5.679023,66.387528
