Spot,TiCoO3,Co3O4 (+Ti2O),IrO2
1,0.0,0.0,0.9482477026020559
2,0.0,0.009103740721178661,0.7269276077739137
3,0.0,0.048361224345460314,0.5440376145766748
4,0.0,0.08028059546972319,0.45562126996600577
5,0.0,0.09501708672472092,0.35874649599164904
6,0.0,0.08653361442537896,0.2850788743971835
7,0.0,0.09982522033673864,0.24919143907717028
8,0.0,0.044162299056054406,0.22885994375993293
9,0.0,0.017188598015803153,0.21377297642295973
10,0.0,0.0,0.1958509755511116
11,0.1536761269723781,0.0,0.19364105563993847
12,0.0,0.0031816218770267424,0.9989016375496768
13,0.0,0.04999796855320361,0.7100325574667145
14,0.0,0.09968249238959839,0.478575273625422
15,0.0,0.13278251029642574,0.33298702539501956
16,0.0,0.1429085954275895,0.25498111647382404
17,0.0,0.15517529881077602,0.20268635753200523
18,0.0,0.1438360637483053,0.18073456379250014
19,0.0,0.1475697877213337,0.1699759264363502
20,0.0,0.09536137933732701,0.16773888344798332
21,0.0,0.0739802513275881,0.15534235432219676
22,0.0637833591037539,0.002109619878684998,0.154842898738557
23,0.17644818786375238,0.0,0.15280023780341195
24,0.25434124427745075,0.0,0.13892165242582938
25,0.0,0.04700301406513572,1.0
26,0.0,0.07836238302252199,0.6732683870028169
27,0.0,0.10944539997682647,0.4487732427666907
28,0.0,0.17643589431059473,0.2873566630893527
29,0.0,0.17155350003235267,0.18989153456995017
30,0.0,0.195777901169361,0.16369583448178796
31,0.0,0.1789165918040903,0.1341398661341747
32,0.0,0.1625421525210255,0.12280596297186824
33,0.0,0.12969222828646712,0.10229083709146782
34,0.0,0.10264750184711184,0.10366574497074617
35,0.0,0.06371813449983522,0.11360109919324728
36,0.12681660555992905,0.017407843792274787,0.11378943353331106
37,0.15287661666264166,0.0,0.11731427289627551
38,0.22056709561610124,0.0,0.11693809292024153
39,0.323217789849277,0.0,0.10960313317968476
40,0.0,0.05961408529969861,0.9870162929057757
41,0.0,0.0991461904353466,0.687493952286842
42,0.0,0.17461835133797107,0.43523613937449784
43,0.0,0.19830472002901212,0.2619830243746054
44,0.0,0.20681753544874665,0.16569353464032358
45,0.0,0.253730413467138,0.12009218914021312
46,0.0,0.21503406059128646,0.09925641228641188
47,0.0,0.24017660044150116,0.08993896330223221
48,0.0,0.1958459922564258,0.09395464483918704
49,0.0,0.1536784987156742,0.08872703823816311
50,0.025832102312228773,0.12048759237440017,0.07496146568222113
51,0.08717354418032813,0.10254555331344022,0.07873420019665454
52,0.1960627188264161,0.02205850265818575,0.08172561904147535
53,0.19456223216796667,0.0,0.08938904902093023
54,0.28107661812627616,0.0,0.08756056265479703
55,0.3557692810314023,0.0,0.08934463803642605
56,0.3056889379554909,0.0,0.10368675924677016
57,0.0,0.0889195110683755,0.9652847214484406
58,0.0,0.13254159575412572,0.7556487473536673
59,0.0,0.1650495597779554,0.46293197776591855
60,0.0,0.24291747360247748,0.25085211667517016
61,0.0,0.27226172257659687,0.1295963841761524
62,0.0,0.27926351777365477,0.09755052955975581
63,0.0,0.290842237841791,0.06179510543302114
64,0.0,0.2631629476142539,0.05294723999476108
65,0.0,0.28318195292761583,0.06891711236480001
66,0.0,0.23627366447420894,0.05863068533907266
67,0.0,0.18485819748973367,0.06282333884591551
68,0.06832820538554744,0.18167883277581406,0.06029692194613699
69,0.16734098395961208,0.10236294881807419,0.07114835199205563
70,0.2583353981033389,0.04422850917386325,0.060555507499653015
71,0.33791320229623334,0.0,0.0691638468440467
72,0.3232773806798164,0.0,0.08653367317816002
73,0.33499377432638844,0.0,0.07891508179929119
74,0.3367828060590284,0.0,0.09222237209147759
75,0.40567451070178134,0.0,0.08746557079660722
76,0.0,0.17189756692864808,0.7902105117318304
77,0.0,0.23226546946735468,0.49866864787306203
78,0.0,0.26914337650533976,0.2674035469165704
79,0.0,0.31645125806747715,0.11710309163983681
80,0.0,0.36980570339973917,0.0600602669888204
81,0.0,0.36695332638127104,0.04507501119132374
82,0.0,0.36155464366166035,0.03856357893646261
83,0.0,0.3277303021137581,0.02892108064203989
84,0.0,0.27722003277400836,0.03033929992161186
85,0.0,0.2594913708654415,0.039353996719818124
86,0.015012184756665551,0.24081146518476393,0.04203123992047807
87,0.0939601034162273,0.17618715493619005,0.0457593190983605
88,0.18360039434493475,0.12910363538690034,0.05304901262224933
89,0.32289500618385547,0.07018866874024718,0.056584847827319346
90,0.41268531964207866,0.0,0.05822060151654654
91,0.5061274010138804,0.0,0.06906586167328371
92,0.47525046444256963,0.0,0.08584050750942711
93,0.44847170428729893,0.0,0.07735190066796076
94,0.42968203587368,0.0,0.07894538145309321
95,0.0,0.19126696069978077,0.7664535672466607
96,0.0,0.2667318986804625,0.5697237795592671
97,0.0,0.32892148232415575,0.329348256890239
98,0.0,0.38156785558971407,0.14929439681208548
99,0.0,0.4298286361769075,0.05390662721847223
100,0.0,0.4594185397358518,0.030266788451726784
101,0.0,0.45204529073013217,0.025475350254223872
102,0.0,0.3833306999763751,0.01769371497213409
103,0.0,0.3553245725309269,0.014334729560928693
104,0.0,0.2837007242484023,0.009901877992090812
105,0.03601403207241227,0.27642415706243767,0.023291698188080703
106,0.11032928638412251,0.2513059193350097,0.02273164329683691
107,0.1773901411675412,0.23143558583163676,0.02267330424566568
108,0.22594673625202952,0.1962385881595243,0.03618603352119119
109,0.4128369103513455,0.10596079157205393,0.04613702627468688
110,0.5049089253473258,0.0,0.044954118016174154
111,0.5218936188675025,0.0,0.05609638808578517
112,0.49686181095488563,0.0,0.06454351616730883
113,0.5299948354613533,0.0,0.05930809030078759
114,0.47923886827603734,0.0,0.06355657825032206
115,0.373723371001011,0.0,0.05983747901015919
116,0.0,0.28933309858837025,0.664925963773343
117,0.0,0.34213935424068287,0.43121740343695814
118,0.0,0.3938207150391769,0.2183102884918005
119,0.0,0.45390030261033393,0.06920404275574374
120,0.0,0.5250041005129781,0.035513821040470565
121,0.0,0.5439650230004922,0.0
122,0.0,0.484720059107578,0.0
123,0.0,0.428194675803663,0.0
124,0.0,0.3656712577364266,0.0
125,0.0,0.36310283183683423,0.0
126,0.07299484696133811,0.29709653585654083,0.024355240471736286
127,0.13107917948653613,0.29444391777305284,0.009297106676284361
128,0.21038804085212798,0.27490012053251,0.02318564939977363
129,0.3657604155885431,0.1977128166235549,0.022445079433963372
130,0.43603943658437905,0.09022091607717092,0.04357413983192489
131,0.5716540532742026,0.0,0.055148118880203
132,0.567016423023806,0.0,0.05178675103654138
133,0.608557504628744,0.0,0.05628362284163836
134,0.6157554496859982,0.0,0.05986814519203138
135,0.5343844319477944,0.0,0.05506271783984972
136,0.47174610542558826,0.0,0.0601320454025651
137,0.0,0.34372004556459934,0.5439067640556184
138,0.0,0.4279886720507532,0.3236389102289677
139,0.0,0.4982233869183856,0.11872259591795245
140,0.0,0.5437952843348367,0.02411834116237291
141,0.0,0.6443673247049513,0.0
142,0.0,0.6497297423373076,0.0
143,0.0,0.5861436518792389,0.0
144,0.0,0.45145594544286305,0.0
145,0.0,0.4352650887591773,0.0
146,0.0382249041580809,0.38973013357891273,0.0
147,0.1350129583920094,0.3540154179287971,0.0
148,0.1969254790527776,0.3284479295042819,0.005480327705416992
149,0.25309323455891813,0.29774223498271774,0.010858271903228769
150,0.3833729037357178,0.19723219135927872,0.029257431234446993
151,0.488633310437909,0.12649924535513454,0.03672586828056306
152,0.6125890334053651,0.0,0.04748615501302885
153,0.6626761719268642,0.0,0.05807496769665941
154,0.681885851150469,0.0,0.05182603062806296
155,0.6265915717656555,0.0,0.044202979824340204
156,0.522658629222716,0.0,0.053008511270493795
157,0.5169543753783234,0.0,0.05669230163989545
158,0.0,0.4272128098520656,0.4127013216513507
159,0.0,0.4774856256329463,0.2319474540471541
160,0.0,0.5670373680876262,0.08345880810936025
161,0.0,0.668024726469451,0.03204011234329703
162,0.0,0.7903704907524028,0.0
163,0.0,0.7653262879748884,0.0
164,0.0,0.6761422373903585,0.0
165,0.0,0.5725799073359307,0.0
166,0.0,0.48632076394437757,0.0
167,0.09289008209943724,0.44292740512014883,0.0
168,0.11186584117684574,0.376471482248917,0.0
169,0.1693858903549627,0.36579645505010155,0.0
170,0.27825023548832595,0.32294173058200204,0.00914536405522747
171,0.44118515707411116,0.20556638993846976,0.03435840238722176
172,0.6125699538850607,0.11896596348512004,0.034984554507122366
173,0.682593100218186,0.0,0.027094976708362896
174,0.7037635268571691,0.0,0.042895940726057895
175,0.7301949351975855,0.0,0.04438465557112893
176,0.688804398848747,0.0,0.06277336885234686
177,0.586010738894935,0.0,0.04783466211976378
178,0.6004199585373274,0.0,0.05872396673293494
179,0.0,0.5126760775320481,0.3073119173425444
180,0.0,0.5445740056067933,0.164305737190577
181,0.0,0.6472837299168913,0.04587538632058598
182,0.0,0.7806485882949541,0.0
183,0.0,0.8772426796438499,0.0
184,0.0,0.9060892993916195,0.0
185,0.0,0.803600701827249,0.0
186,0.0,0.697660224723159,0.0
187,0.0,0.6042376732560782,0.0
188,0.052806623573087116,0.4939780393077432,0.0
189,0.1102974000625181,0.4326826684483209,0.0
190,0.20066480366912243,0.39519412355108946,0.0
191,0.2771595664714806,0.3294149734181425,0.0
192,0.5025375762004678,0.21309500700472953,0.028400427518341063
193,0.6166694371175603,0.09779414973418145,0.036319205386692005
194,0.6914559294444567,0.0,0.02362798769247611
195,0.7453913810749977,0.0,0.03030344125874536
196,0.7591835219853574,0.0,0.024297756652728826
197,0.7083308503820609,0.0,0.039045929876827014
198,0.6014275140273679,0.0,0.05888224577124347
199,0.5620400659471859,0.0,0.040270927775399416
200,0.0,0.5460306281985884,0.22856464431138662
201,0.0,0.6380915084019135,0.12247987516542634
202,0.0,0.7121344336251094,0.03699386138788053
203,0.0,0.8234772049097814,0.0
204,0.0,0.9267303036185337,0.0
205,0.0,0.9759731758736352,0.0
206,0.0,0.9282973767250372,0.0
207,0.0,0.8224827740835543,0.0
208,0.0,0.7266940385312791,0.0
209,0.08540934196041289,0.5784221978448607,0.0
210,0.22460411302185102,0.46578434160809334,0.0
211,0.2812352656444226,0.38659816929024265,0.0
212,0.3208809406569419,0.39253503493336106,0.0
213,0.48567441661099625,0.27517113058290493,0.0
214,0.6673232112557671,0.12754077565153016,0.016684602106901085
215,0.7749622852769876,0.0,0.023284550890712078
216,0.8017133409233234,0.0,0.025814205455110574
217,0.7982267546101872,0.0,0.02801190776394419
218,0.7428739298480016,0.0,0.04026158130960969
219,0.6945326981159888,0.0,0.036479561417398255
220,0.6451397404976147,0.0,0.023405932769955253
221,0.0,0.6217169938800786,0.1452639930643115
222,0.0,0.6786224834512325,0.08273375449852118
223,0.0,0.7355263177694414,0.016146783251915233
224,0.0,0.8623636109192524,0.0
225,0.0,0.9613697067644171,0.0
226,0.0,0.9852601230003418,0.0
227,0.0,0.9980070002151831,0.0
228,0.0,0.9742111591134467,0.0
229,0.0,0.8149293282231163,0.0
230,0.10478890732371307,0.6736623675233354,0.0
231,0.2103590295267338,0.5351247684526848,0.0
232,0.27670113525759443,0.46094016862513193,0.0
233,0.2644058219195984,0.41641973302274776,0.0
234,0.49644964104365497,0.26179367723470437,0.0
235,0.6889306373187053,0.11330627747155601,0.0
236,0.8264994673416113,0.0,0.028824744847592742
237,0.8522463652207005,0.0,0.03331740157988259
238,0.8555949517157455,0.0,0.022750275140404685
239,0.7739330366337245,0.0,0.030043633944995377
240,0.775648102554774,0.0,0.03620582603698121
241,0.6380437271241779,0.0,0.037723191159538434
242,0.0,0.6940828469146839,0.04011582531369916
243,0.0,0.7813799843804314,0.01944406977130603
244,0.0,0.8342995496207215,0.0
245,0.0,0.9476809906237447,0.0
246,0.0,0.9464655082905603,0.0
247,0.0,1.0,0.0
248,0.0,0.9748397790387797,0.0
249,0.0,0.8914688263203278,0.0
250,0.13645855875917257,0.746712366695709,0.0
251,0.21332471879923434,0.590703422310703,0.0
252,0.30354628168899234,0.5158756814751615,0.0
253,0.30527964304047056,0.4626786356502361,0.0
254,0.5537660882174292,0.2748340608922416,0.0
255,0.7877557570492295,0.07131612171225384,0.0
256,0.918544823281824,0.0,0.0
257,0.8687104230635334,0.0,0.02120554258860694
258,0.8474955646649376,0.0,0.02282877323543613
259,0.8113751577327466,0.0,0.036953543300160104
260,0.7535715293829841,0.0,0.049773656699057985
261,0.0,0.7410528311596855,0.02418779823167311
262,0.0,0.7583673036380956,0.0
263,0.0,0.8277219506102619,0.0
264,0.0,0.9266224112220133,0.0
265,0.0,0.9513153241812895,0.0
266,0.0,0.9911857780666948,0.0
267,0.0,0.95795341516302,0.0
268,0.11860849137971592,0.881913352022644,0.0
269,0.11434983790248641,0.7755739589587557,0.0
270,0.24448575726877453,0.6596246939663022,0.0
271,0.2701192234792054,0.5623946092925901,0.0
272,0.34897174453724583,0.4665456827241251,0.0
273,0.6348665949485793,0.23243204810466017,0.0
274,0.8755774821933189,0.0,0.0
275,0.9386980239889684,0.0,0.0
276,0.9316545446371912,0.0,0.0
277,0.8308840979255073,0.0,0.022250819556764934
278,0.7891331415972225,0.0,0.03645976890160823
279,0.7389409350324038,0.0,0.020336076918114693
280,0.0,0.7702219995154626,0.0
281,0.0,0.7983981665816471,0.0
282,0.0,0.8713729269837832,0.0
283,0.0,0.9176895377480435,0.0
284,0.0,0.9584822684790184,0.0
285,0.0,0.8942768877031262,0.0
286,0.07578516146501443,0.8529352149044995,0.0
287,0.17703364163747237,0.7404596486951341,0.0
288,0.2039083221208481,0.6499059515372034,0.0
289,0.34731548535686024,0.5505274990181341,0.0
290,0.3778178883309654,0.4445641493278921,0.0
291,0.6514336299283969,0.2273789370567496,0.0
292,0.9270090734880396,0.0,0.0
293,0.9011043121806794,0.0,0.0
294,0.9693606426609711,0.0,0.0
295,0.919546628779444,0.0,0.0
296,0.8866634675799746,0.0,0.010702253121353048
297,0.0,0.786861354508533,0.0
298,0.0,0.8489724641148687,0.0
299,0.0,0.8866660346609969,0.0
300,0.0,0.8886175026446429,0.0
301,0.0,0.8498186745637281,0.0
302,0.14929411002140044,0.8066821809010898,0.0
303,0.19505803833258586,0.7090094665420714,0.0
304,0.20789489641127293,0.6278783720135853,0.0
305,0.3030392369028241,0.5558188160126162,0.0
306,0.3848326177206403,0.426147805059356,0.0
307,0.6102717864599178,0.23121874769581272,0.0
308,0.88971227037928,0.0,0.0
309,0.9519086315749857,0.0,0.0
310,0.9489677718152099,0.0,0.0
311,0.9203113777713658,0.0,0.0
312,0.0,0.7948925665599783,0.0
313,0.0,0.8033507586325205,0.0
314,0.0,0.802399966293031,0.0
315,0.0,0.7899022046464456,0.0
316,0.1677322448074955,0.7324808780665443,0.0
317,0.2090501221612026,0.6791262822567419,0.0
318,0.2215545261326701,0.5589130856773974,0.0
319,0.3097212508219876,0.4872468779672291,0.0
320,0.3891600097436235,0.3957989680250275,0.0
321,0.576800819217102,0.24385660393258007,0.0
322,0.809201921961103,0.0,0.0
323,0.966874293665704,0.0,0.0
324,1.0,0.0,0.0
325,0.0,0.7268336816888397,0.0
326,0.0,0.7542348141828092,0.0
327,0.0,0.7175869120654398,0.0
328,0.1332809038569904,0.6474150968097258,0.0
329,0.18194047607846334,0.5715258874036756,0.0
330,0.24218262394108664,0.5052692720348025,0.0
331,0.3496620049909935,0.4293467318535373,0.0
332,0.39967151861481637,0.3243512537036285,0.0
333,0.5349160448833954,0.23745739604635316,0.0
334,0.7358552800089491,0.0,0.0
335,0.945953991697011,0.0,0.0
336,0.0,0.6708558109159418,0.0
337,0.13229713242650726,0.6236299396133631,0.0
338,0.18748608240470954,0.5488635936143351,0.0
339,0.30549788138915634,0.4879446423224102,0.0
340,0.3733545873962257,0.39597171624149247,0.0
341,0.39409245778721474,0.3159245866758158,0.0
342,0.5562438122240658,0.21297740880684854,0.0
